ParticipantID,Proficiency,WritingType,Epoch,N400_Amp,P600_Amp
1,High,Generic,1,-3.0355,1.0423
1,High,Generic,2,-3.0128,1.3746
1,High,Generic,3,-3.1451,1.0232
1,High,Generic,4,-2.8731,1.2235
1,High,Generic,5,-3.1804,1.1785
1,High,Generic,6,-3.1795,0.9769
1,High,Generic,7,-3.0737,0.6873
1,High,Generic,8,-3.3687,0.9575
1,High,Generic,9,-3.2619,1.1328
1,High,Generic,10,-3.2462,0.7875
1,High,Generic,11,-2.8902,1.0248
1,High,Generic,12,-3.0999,0.7851
1,High,Generic,13,-3.1917,1.0922
1,High,Generic,14,-3.2826,1.1451
1,High,Generic,15,-3.2001,1.0117
1,High,Generic,16,-3.2003,1.4405
1,High,Generic,17,-3.112,0.8585
1,High,Generic,18,-2.9866,0.8258
1,High,Generic,19,-3.0787,0.6781
1,High,Generic,20,-3.3092,1.1094
1,High,Generic,21,-2.9992,1.1043
1,High,Generic,22,-3.1273,1.0098
1,High,Generic,23,-3.3318,0.926
1,High,Generic,24,-3.1791,1.2814
1,High,Generic,25,-3.0585,0.7174
1,High,Generic,26,-3.0614,0.993
1,High,Generic,27,-3.2115,1.1923
1,High,Generic,28,-2.9554,1.2563
1,High,Generic,29,-3.2359,1.0082
1,High,Generic,30,-3.0603,1.2651
1,High,Generic,31,-3.1819,1.0329
1,High,Generic,32,-3.276,0.8308
1,High,Generic,33,-2.9881,1.3412
1,High,Generic,34,-3.1208,1.2707
1,High,Generic,35,-3.0558,0.941
1,High,Generic,36,-3.0558,1.3776
1,High,Generic,37,-3.1154,1.3829
1,High,Generic,38,-3.503,1.2344
1,High,Generic,39,-3.0969,1.0102
1,High,Generic,40,-3.0962,0.6725
1,High,Inclusive,1,-4.251,2.2544
1,High,Inclusive,2,-3.9963,2.0793
1,High,Inclusive,3,-4.3393,2.0826
1,High,Inclusive,4,-4.0807,2.2488
1,High,Inclusive,5,-4.2975,2.2857
1,High,Inclusive,6,-4.2034,2.3767
1,High,Inclusive,7,-4.3233,2.1175
1,High,Inclusive,8,-4.2768,1.8903
1,High,Inclusive,9,-4.1736,2.2352
1,High,Inclusive,10,-4.2172,2.1361
1,High,Inclusive,11,-4.4303,2.0989
1,High,Inclusive,12,-4.2694,2.0225
1,High,Inclusive,13,-4.2422,2.2638
1,High,Inclusive,14,-3.9351,2.2179
1,High,Inclusive,15,-4.1794,2.1681
1,High,Inclusive,16,-4.5058,2.1777
1,High,Inclusive,17,-4.209,2.6756
1,High,Inclusive,18,-4.2469,2.2433
1,High,Inclusive,19,-4.2232,1.9493
1,High,Inclusive,20,-4.0466,2.3334
1,High,Inclusive,21,-4.0993,2.0011
1,High,Inclusive,22,-4.0076,1.9026
1,High,Inclusive,23,-4.13,2.6211
1,High,Inclusive,24,-4.3666,2.0697
1,High,Inclusive,25,-4.2031,2.0823
1,High,Inclusive,26,-4.4506,2.1967
1,High,Inclusive,27,-4.3773,2.2777
1,High,Inclusive,28,-4.3559,2.493
1,High,Inclusive,29,-4.3355,2.1186
1,High,Inclusive,30,-4.096,1.9368
1,High,Inclusive,31,-4.1839,2.4444
1,High,Inclusive,32,-4.4591,2.2199
1,High,Inclusive,33,-4.179,2.3394
1,High,Inclusive,34,-4.4035,1.9189
1,High,Inclusive,35,-4.1397,2.2424
1,High,Inclusive,36,-4.1804,2.2523
1,High,Inclusive,37,-4.32,2.2295
1,High,Inclusive,38,-4.174,2.0401
1,High,Inclusive,39,-3.9381,2.2778
1,High,Inclusive,40,-4.3967,2.3143
2,High,Generic,1,-3.2562,1.2274
2,High,Generic,2,-2.9362,0.9059
2,High,Generic,3,-2.9655,1.1526
2,High,Generic,4,-2.9867,1.4494
2,High,Generic,5,-3.1468,0.9193
2,High,Generic,6,-3.2434,0.9068
2,High,Generic,7,-3.1216,1.1382
2,High,Generic,8,-3.0685,1.2354
2,High,Generic,9,-3.108,1.3607
2,High,Generic,10,-3.1497,1.614
2,High,Generic,11,-3.0161,0.8986
2,High,Generic,12,-3.2706,1.1665
2,High,Generic,13,-3.1435,1.2128
2,High,Generic,14,-3.039,1.0554
2,High,Generic,15,-3.237,0.767
2,High,Generic,16,-3.177,1.2413
2,High,Generic,17,-3.0779,0.8209
2,High,Generic,18,-3.084,1.1471
2,High,Generic,19,-3.2426,1.1007
2,High,Generic,20,-3.1013,0.8414
2,High,Generic,21,-3.0563,1.1822
2,High,Generic,22,-2.9475,1.2808
2,High,Generic,23,-3.3167,0.8824
2,High,Generic,24,-3.0327,1.1728
2,High,Generic,25,-3.0327,1.8405
2,High,Generic,26,-3.0244,1.2971
2,High,Generic,27,-2.9669,1.2003
2,High,Generic,28,-3.1573,1.2218
2,High,Generic,29,-3.2259,1.0226
2,High,Generic,30,-3.1828,1.0864
2,High,Generic,31,-2.7628,0.6965
2,High,Generic,32,-3.0071,0.7475
2,High,Generic,33,-3.1808,1.2878
2,High,Generic,34,-3.1004,0.8545
2,High,Generic,35,-3.2173,1.2059
2,High,Generic,36,-3.2196,1.1133
2,High,Generic,37,-3.1032,0.9397
2,High,Generic,38,-2.7884,1.1968
2,High,Generic,39,-3.4138,1.1073
2,High,Generic,40,-3.2093,1.2405
2,High,Inclusive,1,-4.3369,2.1601
2,High,Inclusive,2,-4.1423,2.3562
2,High,Inclusive,3,-4.398,2.1161
2,High,Inclusive,4,-4.2892,2.0523
2,High,Inclusive,5,-3.9532,2.264
2,High,Inclusive,6,-4.4071,2.3666
2,High,Inclusive,7,-3.8997,2.3895
2,High,Inclusive,8,-4.4459,2.0862
2,High,Inclusive,9,-4.028,2.0415
2,High,Inclusive,10,-4.1514,2.3379
2,High,Inclusive,11,-4.357,2.1711
2,High,Inclusive,12,-4.7042,1.9781
2,High,Inclusive,13,-4.2559,1.9334
2,High,Inclusive,14,-3.9731,1.897
2,High,Inclusive,15,-4.284,2.2091
2,High,Inclusive,16,-4.0018,1.8958
2,High,Inclusive,17,-4.0435,2.185
2,High,Inclusive,18,-4.3652,2.2754
2,High,Inclusive,19,-4.1881,2.063
2,High,Inclusive,20,-4.2075,2.1059
2,High,Inclusive,21,-4.201,2.3154
2,High,Inclusive,22,-3.9801,1.9354
2,High,Inclusive,23,-3.898,1.7926
2,High,Inclusive,24,-4.2408,2.3007
2,High,Inclusive,25,-4.1759,2.0585
2,High,Inclusive,26,-4.2492,2.0844
2,High,Inclusive,27,-4.3064,2.3529
2,High,Inclusive,28,-4.1644,2.0444
2,High,Inclusive,29,-4.0831,2.2445
2,High,Inclusive,30,-4.0961,2.3089
2,High,Inclusive,31,-4.3423,2.071
2,High,Inclusive,32,-4.1059,2.3051
2,High,Inclusive,33,-4.2211,2.2065
2,High,Inclusive,34,-4.0264,2.0647
2,High,Inclusive,35,-4.1359,2.1426
2,High,Inclusive,36,-4.2507,2.4028
2,High,Inclusive,37,-4.0942,2.3457
2,High,Inclusive,38,-4.0222,2.1872
2,High,Inclusive,39,-4.1157,2.1209
2,High,Inclusive,40,-4.1694,2.157
3,High,Generic,1,-3.0955,1.189
3,High,Generic,2,-3.2327,1.4885
3,High,Generic,3,-3.2609,0.8272
3,High,Generic,4,-2.9363,1.2283
3,High,Generic,5,-3.0164,1.1957
3,High,Generic,6,-3.1118,0.8905
3,High,Generic,7,-3.0986,0.9346
3,High,Generic,8,-2.9637,1.0406
3,High,Generic,9,-3.2338,1.0057
3,High,Generic,10,-3.0481,0.9573
3,High,Generic,11,-3.2333,1.1187
3,High,Generic,12,-3.0733,0.9686
3,High,Generic,13,-3.1807,1.1164
3,High,Generic,14,-3.3272,0.7885
3,High,Generic,15,-3.2178,1.0273
3,High,Generic,16,-3.0634,1.3651
3,High,Generic,17,-2.9814,1.038
3,High,Generic,18,-3.1129,0.8695
3,High,Generic,19,-3.1128,1.0123
3,High,Generic,20,-3.0616,0.9046
3,High,Generic,21,-3.0321,1.3765
3,High,Generic,22,-3.1263,1.1503
3,High,Generic,23,-3.0065,0.9898
3,High,Generic,24,-3.0764,1.0725
3,High,Generic,25,-3.0953,0.9154
3,High,Generic,26,-3.1063,1.1696
3,High,Generic,27,-2.8923,1.2619
3,High,Generic,28,-2.787,0.9165
3,High,Generic,29,-2.9792,1.1067
3,High,Generic,30,-2.7815,0.9083
3,High,Generic,31,-3.236,0.9501
3,High,Generic,32,-3.4286,0.9648
3,High,Generic,33,-3.2239,1.1001
3,High,Generic,34,-3.0587,1.4452
3,High,Generic,35,-2.9674,0.9546
3,High,Generic,36,-3.2448,1.1684
3,High,Generic,37,-3.308,1.4363
3,High,Generic,38,-2.9331,0.9762
3,High,Generic,39,-3.367,1.3408
3,High,Generic,40,-3.1272,1.3176
3,High,Inclusive,1,-4.4572,2.0631
3,High,Inclusive,2,-4.2172,2.1924
3,High,Inclusive,3,-4.2855,2.3076
3,High,Inclusive,4,-4.3781,2.1545
3,High,Inclusive,5,-4.2,2.2859
3,High,Inclusive,6,-4.1113,1.9581
3,High,Inclusive,7,-4.4481,2.4385
3,High,Inclusive,8,-4.1682,2.0333
3,High,Inclusive,9,-3.9853,2.2061
3,High,Inclusive,10,-4.0411,2.1965
3,High,Inclusive,11,-3.9089,2.5341
3,High,Inclusive,12,-4.2553,2.3773
3,High,Inclusive,13,-4.1212,2.4567
3,High,Inclusive,14,-4.3627,2.3202
3,High,Inclusive,15,-4.0592,1.8313
3,High,Inclusive,16,-4.3955,1.7752
3,High,Inclusive,17,-4.2584,2.3265
3,High,Inclusive,18,-3.9926,2.1978
3,High,Inclusive,19,-3.9737,1.907
3,High,Inclusive,20,-4.4735,2.1719
3,High,Inclusive,21,-4.1604,2.1765
3,High,Inclusive,22,-4.5281,2.1652
3,High,Inclusive,23,-4.4137,2.3169
3,High,Inclusive,24,-4.163,1.995
3,High,Inclusive,25,-4.2951,1.9712
3,High,Inclusive,26,-4.2274,2.374
3,High,Inclusive,27,-4.3659,2.2838
3,High,Inclusive,28,-4.2975,2.0244
3,High,Inclusive,29,-4.2341,1.976
3,High,Inclusive,30,-4.301,1.9434
3,High,Inclusive,31,-3.9233,2.1901
3,High,Inclusive,32,-4.323,2.2258
3,High,Inclusive,33,-4.2348,2.1388
3,High,Inclusive,34,-4.1259,2.3345
3,High,Inclusive,35,-4.2976,2.0678
3,High,Inclusive,36,-4.2593,1.7226
3,High,Inclusive,37,-4.4453,2.4564
3,High,Inclusive,38,-3.9713,2.1332
3,High,Inclusive,39,-4.1315,2.2453
3,High,Inclusive,40,-3.7562,2.4069
4,High,Generic,1,-3.1292,0.8789
4,High,Generic,2,-3.351,1.1107
4,High,Generic,3,-3.2235,0.7855
4,High,Generic,4,-3.207,0.8537
4,High,Generic,5,-2.8569,1.2463
4,High,Generic,6,-3.1112,1.366
4,High,Generic,7,-3.0984,0.8977
4,High,Generic,8,-2.8815,1.1778
4,High,Generic,9,-3.2656,1.0319
4,High,Generic,10,-3.2413,0.7934
4,High,Generic,11,-2.9711,1.4519
4,High,Generic,12,-3.3198,1.1826
4,High,Generic,13,-3.2076,0.9726
4,High,Generic,14,-3.1989,0.8972
4,High,Generic,15,-3.1027,0.9038
4,High,Generic,16,-3.0694,1.06
4,High,Generic,17,-3.1458,0.8885
4,High,Generic,18,-3.1965,1.2211
4,High,Generic,19,-3.0349,0.8745
4,High,Generic,20,-3.0951,1.2203
4,High,Generic,21,-3.3604,1.1787
4,High,Generic,22,-3.2094,1.1841
4,High,Generic,23,-3.2245,0.709
4,High,Generic,24,-3.3541,1.0796
4,High,Generic,25,-3.071,0.8891
4,High,Generic,26,-3.0142,0.7377
4,High,Generic,27,-3.1199,0.8278
4,High,Generic,28,-3.2078,1.0795
4,High,Generic,29,-3.2391,0.9931
4,High,Generic,30,-2.9591,0.9546
4,High,Generic,31,-2.9846,0.8441
4,High,Generic,32,-3.0305,1.3583
4,High,Generic,33,-3.4807,0.9106
4,High,Generic,34,-3.0234,1.0294
4,High,Generic,35,-3.0543,0.9492
4,High,Generic,36,-3.097,1.0389
4,High,Generic,37,-2.9348,1.1209
4,High,Generic,38,-3.0594,0.9876
4,High,Generic,39,-3.1831,0.9835
4,High,Generic,40,-3.0508,0.9858
4,High,Inclusive,1,-4.1745,2.5981
4,High,Inclusive,2,-4.0873,2.1178
4,High,Inclusive,3,-4.0378,2.1014
4,High,Inclusive,4,-4.5237,1.9814
4,High,Inclusive,5,-4.4986,2.1127
4,High,Inclusive,6,-4.2152,2.5183
4,High,Inclusive,7,-4.169,2.1392
4,High,Inclusive,8,-4.0936,1.7408
4,High,Inclusive,9,-4.1827,2.3372
4,High,Inclusive,10,-4.4398,2.4118
4,High,Inclusive,11,-4.1672,2.0999
4,High,Inclusive,12,-4.1231,2.6371
4,High,Inclusive,13,-4.1907,2.2326
4,High,Inclusive,14,-4.2869,2.013
4,High,Inclusive,15,-4.0934,2.0118
4,High,Inclusive,16,-4.2073,2.0875
4,High,Inclusive,17,-4.1462,2.2497
4,High,Inclusive,18,-4.0624,2.081
4,High,Inclusive,19,-4.2585,1.9872
4,High,Inclusive,20,-4.2846,2.2585
4,High,Inclusive,21,-4.1045,1.9986
4,High,Inclusive,22,-4.0876,2.4541
4,High,Inclusive,23,-4.156,2.5584
4,High,Inclusive,24,-4.3341,1.9341
4,High,Inclusive,25,-4.4848,2.4822
4,High,Inclusive,26,-4.1198,2.1719
4,High,Inclusive,27,-4.176,1.9579
4,High,Inclusive,28,-3.8511,2.2088
4,High,Inclusive,29,-4.2016,2.3282
4,High,Inclusive,30,-4.1458,2.2278
4,High,Inclusive,31,-4.3366,2.2773
4,High,Inclusive,32,-3.9357,2.4521
4,High,Inclusive,33,-3.979,2.0808
4,High,Inclusive,34,-4.3664,2.1578
4,High,Inclusive,35,-4.2096,2.4018
4,High,Inclusive,36,-4.4719,2.4889
4,High,Inclusive,37,-4.2417,2.0976
4,High,Inclusive,38,-4.3698,1.852
4,High,Inclusive,39,-4.0945,2.1977
4,High,Inclusive,40,-4.4115,1.924
5,High,Generic,1,-3.1604,1.4038
5,High,Generic,2,-3.1489,0.7694
5,High,Generic,3,-3.1469,1.0155
5,High,Generic,4,-3.5145,1.0591
5,High,Generic,5,-3.1446,1.2092
5,High,Generic,6,-2.8327,1.2953
5,High,Generic,7,-3.1503,0.8487
5,High,Generic,8,-2.724,1.0818
5,High,Generic,9,-3.1079,1.0652
5,High,Generic,10,-3.0803,1.0411
5,High,Generic,11,-3.196,0.9606
5,High,Generic,12,-3.1149,0.9613
5,High,Generic,13,-3.2169,1.0913
5,High,Generic,14,-3.1482,1.3708
5,High,Generic,15,-3.5076,1.2883
5,High,Generic,16,-2.9231,0.6553
5,High,Generic,17,-3.1614,0.9957
5,High,Generic,18,-3.3211,0.9144
5,High,Generic,19,-3.2766,1.4205
5,High,Generic,20,-2.9696,1.3243
5,High,Generic,21,-3.0017,0.8442
5,High,Generic,22,-3.1887,1.1679
5,High,Generic,23,-3.2933,1.2126
5,High,Generic,24,-3.146,0.995
5,High,Generic,25,-3.0034,1.1589
5,High,Generic,26,-3.1641,1.3019
5,High,Generic,27,-3.2722,1.1932
5,High,Generic,28,-3.021,1.0081
5,High,Generic,29,-3.0611,0.8198
5,High,Generic,30,-2.9714,1.033
5,High,Generic,31,-3.1884,1.2798
5,High,Generic,32,-3.2157,0.7883
5,High,Generic,33,-3.3435,1.1912
5,High,Generic,34,-3.3021,1.421
5,High,Generic,35,-3.4223,1.4093
5,High,Generic,36,-3.0783,1.0507
5,High,Generic,37,-3.1917,1.1498
5,High,Generic,38,-3.1156,1.2907
5,High,Generic,39,-3.0929,1.1001
5,High,Generic,40,-3.1645,1.0586
5,High,Inclusive,1,-4.1718,1.841
5,High,Inclusive,2,-4.4202,2.3317
5,High,Inclusive,3,-4.1924,2.1462
5,High,Inclusive,4,-4.2152,2.2525
5,High,Inclusive,5,-4.299,2.0273
5,High,Inclusive,6,-4.1886,1.9873
5,High,Inclusive,7,-4.1568,1.8425
5,High,Inclusive,8,-4.0636,2.2775
5,High,Inclusive,9,-4.1796,2.3795
5,High,Inclusive,10,-3.9682,2.3859
5,High,Inclusive,11,-4.4941,1.9271
5,High,Inclusive,12,-4.3117,2.1882
5,High,Inclusive,13,-4.1404,2.0379
5,High,Inclusive,14,-4.19,2.0319
5,High,Inclusive,15,-4.3097,1.9017
5,High,Inclusive,16,-4.3565,1.9127
5,High,Inclusive,17,-4.3644,2.3937
5,High,Inclusive,18,-4.3604,2.7095
5,High,Inclusive,19,-4.144,2.22
5,High,Inclusive,20,-4.3468,2.3231
5,High,Inclusive,21,-4.3043,2.2074
5,High,Inclusive,22,-3.834,2.1638
5,High,Inclusive,23,-4.0456,2.0424
5,High,Inclusive,24,-4.2232,2.5372
5,High,Inclusive,25,-4.312,2.5455
5,High,Inclusive,26,-4.1118,2.0705
5,High,Inclusive,27,-4.1231,2.3775
5,High,Inclusive,28,-4.1247,1.869
5,High,Inclusive,29,-4.3271,2.1335
5,High,Inclusive,30,-4.2292,2.3071
5,High,Inclusive,31,-4.1913,1.9159
5,High,Inclusive,32,-4.161,2.3051
5,High,Inclusive,33,-4.134,2.3992
5,High,Inclusive,34,-4.0929,2.2748
5,High,Inclusive,35,-4.2285,1.8508
5,High,Inclusive,36,-4.1536,2.2245
5,High,Inclusive,37,-4.1773,1.9277
5,High,Inclusive,38,-4.3802,2.3936
5,High,Inclusive,39,-4.2239,2.3193
5,High,Inclusive,40,-4.2138,2.189
6,High,Generic,1,-2.9693,0.9668
6,High,Generic,2,-3.0956,0.9775
6,High,Generic,3,-3.1752,1.0082
6,High,Generic,4,-3.0767,0.9743
6,High,Generic,5,-2.9216,0.8911
6,High,Generic,6,-3.138,0.9821
6,High,Generic,7,-2.893,1.1093
6,High,Generic,8,-2.9552,0.7729
6,High,Generic,9,-3.0699,1.2479
6,High,Generic,10,-3.0977,1.2831
6,High,Generic,11,-3.1876,1.3519
6,High,Generic,12,-2.7652,0.9974
6,High,Generic,13,-3.1768,1.3607
6,High,Generic,14,-2.8731,0.9654
6,High,Generic,15,-3.173,1.0136
6,High,Generic,16,-3.3117,0.8863
6,High,Generic,17,-3.2606,0.9164
6,High,Generic,18,-3.1152,1.1168
6,High,Generic,19,-2.8774,0.8703
6,High,Generic,20,-2.9624,1.0272
6,High,Generic,21,-3.1174,1.205
6,High,Generic,22,-3.2784,1.1465
6,High,Generic,23,-3.085,1.1685
6,High,Generic,24,-3.0666,1.5611
6,High,Generic,25,-3.2057,0.9638
6,High,Generic,26,-3.2035,0.9589
6,High,Generic,27,-3.2056,1.3078
6,High,Generic,28,-2.8969,0.9559
6,High,Generic,29,-3.2349,1.1643
6,High,Generic,30,-3.1928,1.1966
6,High,Generic,31,-3.0796,0.7669
6,High,Generic,32,-2.8779,1.4292
6,High,Generic,33,-3.2019,0.9925
6,High,Generic,34,-3.0671,1.1369
6,High,Generic,35,-3.0112,1.472
6,High,Generic,36,-3.1365,0.9103
6,High,Generic,37,-3.3169,0.9238
6,High,Generic,38,-3.115,1.4289
6,High,Generic,39,-3.1876,1.1148
6,High,Generic,40,-3.1125,1.3077
6,High,Inclusive,1,-3.839,2.0768
6,High,Inclusive,2,-4.2914,2.3918
6,High,Inclusive,3,-4.1157,2.5523
6,High,Inclusive,4,-4.1304,2.1111
6,High,Inclusive,5,-4.1294,2.4047
6,High,Inclusive,6,-4.0949,2.2845
6,High,Inclusive,7,-4.058,2.4169
6,High,Inclusive,8,-4.0107,2.3127
6,High,Inclusive,9,-4.2431,2.2123
6,High,Inclusive,10,-4.037,2.0196
6,High,Inclusive,11,-4.1627,2.1043
6,High,Inclusive,12,-4.2137,2.4387
6,High,Inclusive,13,-4.1893,2.1923
6,High,Inclusive,14,-4.422,2.3323
6,High,Inclusive,15,-4.1212,2.6157
6,High,Inclusive,16,-4.2642,2.2268
6,High,Inclusive,17,-4.1806,2.4985
6,High,Inclusive,18,-4.2323,2.2388
6,High,Inclusive,19,-4.1268,2.2203
6,High,Inclusive,20,-4.285,2.2218
6,High,Inclusive,21,-4.057,1.9777
6,High,Inclusive,22,-4.1981,2.043
6,High,Inclusive,23,-4.0387,1.8784
6,High,Inclusive,24,-4.3018,2.2584
6,High,Inclusive,25,-3.9832,2.1698
6,High,Inclusive,26,-4.3013,2.5592
6,High,Inclusive,27,-4.4352,1.7432
6,High,Inclusive,28,-4.152,2.0826
6,High,Inclusive,29,-4.3712,2.3247
6,High,Inclusive,30,-4.1814,2.0702
6,High,Inclusive,31,-4.41,2.3575
6,High,Inclusive,32,-4.1205,2.1632
6,High,Inclusive,33,-3.941,1.969
6,High,Inclusive,34,-4.4468,2.0446
6,High,Inclusive,35,-4.2248,2.2317
6,High,Inclusive,36,-4.2542,2.2534
6,High,Inclusive,37,-4.4057,2.4718
6,High,Inclusive,38,-4.2303,2.4065
6,High,Inclusive,39,-4.1666,2.2744
6,High,Inclusive,40,-4.1325,2.2725
7,High,Generic,1,-3.0136,1.3358
7,High,Generic,2,-3.0805,1.2118
7,High,Generic,3,-3.1235,1.358
7,High,Generic,4,-3.2115,1.4302
7,High,Generic,5,-3.116,0.7838
7,High,Generic,6,-3.0908,0.9338
7,High,Generic,7,-2.9839,0.9395
7,High,Generic,8,-3.1769,0.6921
7,High,Generic,9,-3.1778,0.5852
7,High,Generic,10,-3.3476,1.2221
7,High,Generic,11,-2.9921,1.1551
7,High,Generic,12,-3.255,1.0605
7,High,Generic,13,-3.1105,0.8383
7,High,Generic,14,-2.8845,1.2455
7,High,Generic,15,-3.1431,1.0754
7,High,Generic,16,-3.0787,0.6617
7,High,Generic,17,-3.1471,0.9336
7,High,Generic,18,-3.2602,1.0138
7,High,Generic,19,-2.8403,1.1982
7,High,Generic,20,-3.1957,1.1845
7,High,Generic,21,-2.9001,1.2549
7,High,Generic,22,-3.1011,0.9406
7,High,Generic,23,-3.0053,1.1487
7,High,Generic,24,-2.9757,1.197
7,High,Generic,25,-2.9526,0.963
7,High,Generic,26,-2.9124,1.1095
7,High,Generic,27,-2.7987,0.9322
7,High,Generic,28,-2.8496,1.1096
7,High,Generic,29,-3.2077,0.9732
7,High,Generic,30,-3.1581,1.1548
7,High,Generic,31,-3.0316,0.9553
7,High,Generic,32,-3.1137,1.4985
7,High,Generic,33,-2.8509,1.1573
7,High,Generic,34,-3.1043,1.094
7,High,Generic,35,-3.018,0.8654
7,High,Generic,36,-3.1486,0.7363
7,High,Generic,37,-3.0501,1.1994
7,High,Generic,38,-3.1825,1.3848
7,High,Generic,39,-3.2939,0.7771
7,High,Generic,40,-3.0763,1.2794
7,High,Inclusive,1,-3.9654,2.0912
7,High,Inclusive,2,-4.0562,2.1753
7,High,Inclusive,3,-4.2439,2.3597
7,High,Inclusive,4,-4.1202,1.8677
7,High,Inclusive,5,-3.9965,2.459
7,High,Inclusive,6,-4.3118,2.2622
7,High,Inclusive,7,-4.1439,2.2351
7,High,Inclusive,8,-4.3005,2.0487
7,High,Inclusive,9,-4.2218,2.4175
7,High,Inclusive,10,-4.1365,2.1089
7,High,Inclusive,11,-4.1022,1.6133
7,High,Inclusive,12,-4.0457,1.8351
7,High,Inclusive,13,-4.2724,1.9591
7,High,Inclusive,14,-4.4122,2.4152
7,High,Inclusive,15,-4.2882,2.2523
7,High,Inclusive,16,-4.225,2.2784
7,High,Inclusive,17,-4.2065,1.9264
7,High,Inclusive,18,-4.0686,2.0842
7,High,Inclusive,19,-4.4515,2.0974
7,High,Inclusive,20,-3.9929,2.353
7,High,Inclusive,21,-4.2703,2.1131
7,High,Inclusive,22,-4.2662,2.5983
7,High,Inclusive,23,-4.1607,2.269
7,High,Inclusive,24,-4.0635,2.2308
7,High,Inclusive,25,-4.2569,2.1437
7,High,Inclusive,26,-4.2287,2.1756
7,High,Inclusive,27,-4.1089,2.1934
7,High,Inclusive,28,-4.1081,2.1669
7,High,Inclusive,29,-4.2062,1.7834
7,High,Inclusive,30,-4.0806,2.2523
7,High,Inclusive,31,-4.0683,1.6037
7,High,Inclusive,32,-3.9047,2.1551
7,High,Inclusive,33,-4.0518,1.975
7,High,Inclusive,34,-4.1261,1.9723
7,High,Inclusive,35,-4.3116,2.5658
7,High,Inclusive,36,-4.2466,2.2265
7,High,Inclusive,37,-4.0875,2.2821
7,High,Inclusive,38,-4.1954,2.256
7,High,Inclusive,39,-3.8575,2.1715
7,High,Inclusive,40,-4.1878,2.3931
8,High,Generic,1,-2.9442,1.3074
8,High,Generic,2,-3.0142,0.8414
8,High,Generic,3,-2.865,0.8407
8,High,Generic,4,-3.0646,0.9191
8,High,Generic,5,-3.1196,1.1358
8,High,Generic,6,-3.0618,1.1544
8,High,Generic,7,-2.8679,1.1607
8,High,Generic,8,-3.1466,1.2628
8,High,Generic,9,-2.9316,0.8245
8,High,Generic,10,-3.0204,1.2102
8,High,Generic,11,-3.1546,1.3451
8,High,Generic,12,-3.1325,1.0951
8,High,Generic,13,-3.136,1.0731
8,High,Generic,14,-3.2744,0.782
8,High,Generic,15,-2.8708,0.9006
8,High,Generic,16,-3.2587,0.6393
8,High,Generic,17,-3.2058,0.8054
8,High,Generic,18,-2.8637,1.272
8,High,Generic,19,-3.2132,1.5205
8,High,Generic,20,-2.9627,1.005
8,High,Generic,21,-3.4849,1.5282
8,High,Generic,22,-3.3184,0.7409
8,High,Generic,23,-2.9566,1.558
8,High,Generic,24,-2.9024,1.1828
8,High,Generic,25,-3.0208,1.2407
8,High,Generic,26,-2.9962,1.1262
8,High,Generic,27,-3.0944,1.0575
8,High,Generic,28,-3.2231,1.0139
8,High,Generic,29,-3.3639,1.0503
8,High,Generic,30,-3.2583,0.8493
8,High,Generic,31,-3.083,1.3484
8,High,Generic,32,-2.9723,0.7559
8,High,Generic,33,-3.2584,1.2582
8,High,Generic,34,-3.2574,1.0251
8,High,Generic,35,-3.0275,0.8763
8,High,Generic,36,-3.0942,0.8032
8,High,Generic,37,-3.2002,1.134
8,High,Generic,38,-3.3489,1.1581
8,High,Generic,39,-3.1129,1.1805
8,High,Generic,40,-3.0764,1.3428
8,High,Inclusive,1,-4.1992,2.0971
8,High,Inclusive,2,-4.1997,2.2917
8,High,Inclusive,3,-4.2107,2.1911
8,High,Inclusive,4,-4.3233,2.0504
8,High,Inclusive,5,-4.4284,2.5329
8,High,Inclusive,6,-4.4046,2.0444
8,High,Inclusive,7,-4.3258,2.362
8,High,Inclusive,8,-4.2622,2.4325
8,High,Inclusive,9,-4.319,2.2388
8,High,Inclusive,10,-4.3433,2.612
8,High,Inclusive,11,-4.3961,2.245
8,High,Inclusive,12,-4.1229,2.2658
8,High,Inclusive,13,-4.2458,2.157
8,High,Inclusive,14,-4.2114,2.1536
8,High,Inclusive,15,-4.0734,2.6251
8,High,Inclusive,16,-4.3016,1.909
8,High,Inclusive,17,-4.2312,2.6989
8,High,Inclusive,18,-4.3386,2.5108
8,High,Inclusive,19,-3.9663,2.0723
8,High,Inclusive,20,-4.1327,2.5087
8,High,Inclusive,21,-4.2749,2.1423
8,High,Inclusive,22,-4.3053,1.98
8,High,Inclusive,23,-4.3154,1.9382
8,High,Inclusive,24,-4.2129,2.029
8,High,Inclusive,25,-4.1829,1.8718
8,High,Inclusive,26,-4.1684,2.3497
8,High,Inclusive,27,-4.5171,2.2578
8,High,Inclusive,28,-4.0338,1.9411
8,High,Inclusive,29,-3.9671,2.2668
8,High,Inclusive,30,-4.3238,2.1718
8,High,Inclusive,31,-4.1343,2.1982
8,High,Inclusive,32,-4.1372,1.9989
8,High,Inclusive,33,-4.1926,1.9003
8,High,Inclusive,34,-4.2347,2.0022
8,High,Inclusive,35,-4.3283,2.4302
8,High,Inclusive,36,-4.0543,2.3048
8,High,Inclusive,37,-4.3818,2.1197
8,High,Inclusive,38,-4.036,2.2113
8,High,Inclusive,39,-3.8701,2.2617
8,High,Inclusive,40,-4.1892,2.1212
9,High,Generic,1,-3.09,1.0395
9,High,Generic,2,-3.0038,1.2613
9,High,Generic,3,-3.2279,0.8038
9,High,Generic,4,-3.3854,1.1716
9,High,Generic,5,-3.2755,0.6394
9,High,Generic,6,-3.0517,1.5686
9,High,Generic,7,-3.1109,1.2377
9,High,Generic,8,-3.0977,1.0502
9,High,Generic,9,-2.9721,1.0119
9,High,Generic,10,-3.0699,1.1343
9,High,Generic,11,-3.2102,1.2684
9,High,Generic,12,-3.1362,0.9189
9,High,Generic,13,-3.0295,0.8903
9,High,Generic,14,-3.1058,1.0682
9,High,Generic,15,-2.9471,1.1649
9,High,Generic,16,-3.1138,1.2336
9,High,Generic,17,-2.9015,1.1816
9,High,Generic,18,-3.1084,0.8076
9,High,Generic,19,-3.2698,1.009
9,High,Generic,20,-3.2014,1.0326
9,High,Generic,21,-3.1015,1.1759
9,High,Generic,22,-3.1206,1.1673
9,High,Generic,23,-3.1003,0.6749
9,High,Generic,24,-3.2509,1.0412
9,High,Generic,25,-3.2915,1.19
9,High,Generic,26,-2.8804,1.3138
9,High,Generic,27,-3.142,1.3681
9,High,Generic,28,-3.0877,1.0026
9,High,Generic,29,-3.202,1.0095
9,High,Generic,30,-3.1682,1.1041
9,High,Generic,31,-3.0859,1.0706
9,High,Generic,32,-3.0445,1.3081
9,High,Generic,33,-2.9676,0.773
9,High,Generic,34,-3.4931,1.2569
9,High,Generic,35,-3.315,1.025
9,High,Generic,36,-3.2855,0.7096
9,High,Generic,37,-3.0288,1.2218
9,High,Generic,38,-3.1965,0.5518
9,High,Generic,39,-3.1919,1.1484
9,High,Generic,40,-3.3318,1.1067
9,High,Inclusive,1,-4.2203,2.2989
9,High,Inclusive,2,-4.2001,1.9884
9,High,Inclusive,3,-4.0385,2.1513
9,High,Inclusive,4,-4.2221,1.9963
9,High,Inclusive,5,-4.2845,2.006
9,High,Inclusive,6,-4.2439,2.5253
9,High,Inclusive,7,-4.4238,1.8603
9,High,Inclusive,8,-3.9973,2.1411
9,High,Inclusive,9,-4.3184,2.391
9,High,Inclusive,10,-4.3088,2.5482
9,High,Inclusive,11,-4.1163,2.0854
9,High,Inclusive,12,-3.8944,2.0619
9,High,Inclusive,13,-4.1067,2.2429
9,High,Inclusive,14,-4.0227,2.4953
9,High,Inclusive,15,-4.2132,2.0323
9,High,Inclusive,16,-4.149,2.0475
9,High,Inclusive,17,-3.916,2.2103
9,High,Inclusive,18,-4.2728,2.2199
9,High,Inclusive,19,-4.4201,1.9887
9,High,Inclusive,20,-4.0379,2.0516
9,High,Inclusive,21,-4.375,2.2903
9,High,Inclusive,22,-4.0401,2.3268
9,High,Inclusive,23,-4.0686,2.0316
9,High,Inclusive,24,-4.4313,2.4833
9,High,Inclusive,25,-4.2664,2.1328
9,High,Inclusive,26,-4.0188,2.2942
9,High,Inclusive,27,-4.1496,2.616
9,High,Inclusive,28,-4.3145,2.3686
9,High,Inclusive,29,-4.2094,2.2367
9,High,Inclusive,30,-3.9887,2.2846
9,High,Inclusive,31,-4.1373,2.3975
9,High,Inclusive,32,-4.2727,2.0152
9,High,Inclusive,33,-4.3747,1.7897
9,High,Inclusive,34,-3.9096,1.9624
9,High,Inclusive,35,-4.2512,2.1276
9,High,Inclusive,36,-4.1719,2.3461
9,High,Inclusive,37,-4.0889,2.0664
9,High,Inclusive,38,-4.2431,2.2395
9,High,Inclusive,39,-4.2553,2.5045
9,High,Inclusive,40,-4.1444,2.33
10,High,Generic,1,-3.0106,1.3047
10,High,Generic,2,-3.0828,0.8106
10,High,Generic,3,-3.05,0.9397
10,High,Generic,4,-3.1893,1.1873
10,High,Generic,5,-2.9243,1.0743
10,High,Generic,6,-3.0637,1.4104
10,High,Generic,7,-3.0739,1.5903
10,High,Generic,8,-3.0252,0.7178
10,High,Generic,9,-2.997,1.1462
10,High,Generic,10,-2.9165,1.2046
10,High,Generic,11,-3.1308,0.8251
10,High,Generic,12,-3.1414,0.8999
10,High,Generic,13,-3.1971,1.1877
10,High,Generic,14,-2.8595,1.1489
10,High,Generic,15,-3.2894,1.1589
10,High,Generic,16,-2.9305,0.948
10,High,Generic,17,-3.1301,1.0729
10,High,Generic,18,-3.2277,1.1997
10,High,Generic,19,-3.1281,1.1539
10,High,Generic,20,-3.2431,0.9825
10,High,Generic,21,-3.0016,0.9954
10,High,Generic,22,-2.851,0.9901
10,High,Generic,23,-3.0763,1.2565
10,High,Generic,24,-3.3228,0.7178
10,High,Generic,25,-3.3388,1.3225
10,High,Generic,26,-3.1928,1.5816
10,High,Generic,27,-3.1946,1.1069
10,High,Generic,28,-2.8787,1.4712
10,High,Generic,29,-2.8008,1.3117
10,High,Generic,30,-2.9564,1.1885
10,High,Generic,31,-2.9932,0.9598
10,High,Generic,32,-3.2327,1.0693
10,High,Generic,33,-3.1355,0.9794
10,High,Generic,34,-3.0055,1.2611
10,High,Generic,35,-3.0967,1.3655
10,High,Generic,36,-3.2813,1.0313
10,High,Generic,37,-3.2175,0.6967
10,High,Generic,38,-3.1224,1.0457
10,High,Generic,39,-2.883,1.1962
10,High,Generic,40,-3.2636,1.4408
10,High,Inclusive,1,-4.0348,2.2994
10,High,Inclusive,2,-4.252,1.9911
10,High,Inclusive,3,-4.2738,2.4007
10,High,Inclusive,4,-3.9353,2.4916
10,High,Inclusive,5,-4.2913,1.9591
10,High,Inclusive,6,-4.1969,1.8293
10,High,Inclusive,7,-4.1695,2.1535
10,High,Inclusive,8,-4.2879,1.8641
10,High,Inclusive,9,-4.141,2.0765
10,High,Inclusive,10,-4.3935,1.6085
10,High,Inclusive,11,-4.2221,2.5375
10,High,Inclusive,12,-3.9688,2.0916
10,High,Inclusive,13,-4.3083,2.2768
10,High,Inclusive,14,-4.3678,2.2434
10,High,Inclusive,15,-4.1031,2.4284
10,High,Inclusive,16,-4.233,2.1423
10,High,Inclusive,17,-4.3497,2.0176
10,High,Inclusive,18,-4.252,2.2565
10,High,Inclusive,19,-4.081,2.0224
10,High,Inclusive,20,-3.9941,2.1288
10,High,Inclusive,21,-4.2212,2.0336
10,High,Inclusive,22,-4.5816,2.3598
10,High,Inclusive,23,-4.1075,2.1267
10,High,Inclusive,24,-4.208,2.2862
10,High,Inclusive,25,-4.4524,2.0772
10,High,Inclusive,26,-4.0989,1.9321
10,High,Inclusive,27,-4.174,1.9117
10,High,Inclusive,28,-4.148,2.1759
10,High,Inclusive,29,-4.4603,2.4159
10,High,Inclusive,30,-4.3282,2.0209
10,High,Inclusive,31,-4.1879,2.4127
10,High,Inclusive,32,-4.3704,2.1953
10,High,Inclusive,33,-4.1537,2.3216
10,High,Inclusive,34,-4.1915,2.1096
10,High,Inclusive,35,-4.3421,2.2002
10,High,Inclusive,36,-4.3788,1.5987
10,High,Inclusive,37,-4.1525,2.3638
10,High,Inclusive,38,-4.5724,1.9811
10,High,Inclusive,39,-4.1251,2.5945
10,High,Inclusive,40,-4.2149,2.0374
11,High,Generic,1,-3.1374,1.345
11,High,Generic,2,-3.2069,0.9102
11,High,Generic,3,-3.1824,0.8793
11,High,Generic,4,-3.0916,1.3949
11,High,Generic,5,-3.0615,1.0195
11,High,Generic,6,-3.1538,0.7574
11,High,Generic,7,-2.9775,1.0544
11,High,Generic,8,-3.1371,1.7086
11,High,Generic,9,-3.0652,0.9196
11,High,Generic,10,-3.174,1.2997
11,High,Generic,11,-3.093,0.7823
11,High,Generic,12,-2.9721,0.9364
11,High,Generic,13,-2.829,1.286
11,High,Generic,14,-3.1771,1.3262
11,High,Generic,15,-3.0998,1.2406
11,High,Generic,16,-3.0373,0.9007
11,High,Generic,17,-3.2065,1.276
11,High,Generic,18,-3.1602,0.9893
11,High,Generic,19,-3.2533,1.1547
11,High,Generic,20,-2.8006,0.8565
11,High,Generic,21,-3.1064,1.3524
11,High,Generic,22,-3.1219,1.1605
11,High,Generic,23,-3.2694,1.1557
11,High,Generic,24,-3.1381,1.2671
11,High,Generic,25,-2.9319,1.5879
11,High,Generic,26,-3.0231,1.1352
11,High,Generic,27,-3.0808,0.9994
11,High,Generic,28,-3.0592,1.0109
11,High,Generic,29,-3.0847,1.3335
11,High,Generic,30,-3.261,1.298
11,High,Generic,31,-2.9124,1.0464
11,High,Generic,32,-3.4283,0.9484
11,High,Generic,33,-2.9155,1.0654
11,High,Generic,34,-3.2599,0.969
11,High,Generic,35,-2.9839,1.1793
11,High,Generic,36,-3.1458,0.9966
11,High,Generic,37,-3.1688,0.8855
11,High,Generic,38,-2.8677,1.0055
11,High,Generic,39,-2.9274,1.3743
11,High,Generic,40,-2.9603,0.9837
11,High,Inclusive,1,-4.1574,2.1782
11,High,Inclusive,2,-4.3536,2.2479
11,High,Inclusive,3,-4.3949,2.4205
11,High,Inclusive,4,-4.2877,2.2232
11,High,Inclusive,5,-4.1755,2.1312
11,High,Inclusive,6,-4.13,2.088
11,High,Inclusive,7,-4.0873,1.9138
11,High,Inclusive,8,-4.199,2.5708
11,High,Inclusive,9,-4.368,2.0475
11,High,Inclusive,10,-4.1409,2.2189
11,High,Inclusive,11,-4.1654,2.2808
11,High,Inclusive,12,-4.1228,2.4049
11,High,Inclusive,13,-4.1565,2.1347
11,High,Inclusive,14,-4.1171,2.563
11,High,Inclusive,15,-4.2379,1.9881
11,High,Inclusive,16,-4.0519,2.1589
11,High,Inclusive,17,-4.5439,2.3525
11,High,Inclusive,18,-4.2983,2.1649
11,High,Inclusive,19,-4.1682,2.2211
11,High,Inclusive,20,-4.1116,2.0959
11,High,Inclusive,21,-4.141,2.1311
11,High,Inclusive,22,-4.1072,2.3061
11,High,Inclusive,23,-4.3583,2.4002
11,High,Inclusive,24,-4.2984,2.3446
11,High,Inclusive,25,-4.1629,2.5506
11,High,Inclusive,26,-4.2515,2.1131
11,High,Inclusive,27,-4.2209,2.1224
11,High,Inclusive,28,-4.098,1.8597
11,High,Inclusive,29,-4.3761,1.9694
11,High,Inclusive,30,-4.0755,2.5251
11,High,Inclusive,31,-4.2337,2.1492
11,High,Inclusive,32,-4.2075,2.4154
11,High,Inclusive,33,-4.3571,2.2307
11,High,Inclusive,34,-4.0717,2.2832
11,High,Inclusive,35,-4.1896,2.3832
11,High,Inclusive,36,-4.6235,2.3186
11,High,Inclusive,37,-4.3161,1.8169
11,High,Inclusive,38,-4.1413,2.4577
11,High,Inclusive,39,-4.2386,2.3736
11,High,Inclusive,40,-3.9762,2.446
12,High,Generic,1,-2.864,1.2184
12,High,Generic,2,-3.0987,0.7496
12,High,Generic,3,-3.1469,0.9014
12,High,Generic,4,-2.7844,1.0348
12,High,Generic,5,-3.0915,1.1803
12,High,Generic,6,-3.1035,1.409
12,High,Generic,7,-3.2034,1.1089
12,High,Generic,8,-3.2214,0.806
12,High,Generic,9,-3.2018,1.0626
12,High,Generic,10,-3.1744,0.9315
12,High,Generic,11,-3.3209,1.0534
12,High,Generic,12,-3.3357,1.222
12,High,Generic,13,-3.0976,0.7785
12,High,Generic,14,-3.1564,0.9196
12,High,Generic,15,-3.0621,1.3381
12,High,Generic,16,-3.3913,1.093
12,High,Generic,17,-3.134,1.2043
12,High,Generic,18,-3.078,0.9196
12,High,Generic,19,-3.1579,0.9108
12,High,Generic,20,-2.9486,1.0743
12,High,Generic,21,-2.8248,1.0579
12,High,Generic,22,-3.2163,0.7673
12,High,Generic,23,-3.3805,0.7532
12,High,Generic,24,-3.0699,1.1717
12,High,Generic,25,-3.3472,1.249
12,High,Generic,26,-3.1825,1.0994
12,High,Generic,27,-2.8682,1.2494
12,High,Generic,28,-3.1503,0.8918
12,High,Generic,29,-3.4328,0.9262
12,High,Generic,30,-3.1417,0.8726
12,High,Generic,31,-3.1297,1.0854
12,High,Generic,32,-3.1437,0.94
12,High,Generic,33,-3.0847,1.1584
12,High,Generic,34,-3.2736,1.3522
12,High,Generic,35,-3.1248,1.0738
12,High,Generic,36,-3.0038,1.1166
12,High,Generic,37,-2.967,1.1274
12,High,Generic,38,-3.2019,1.1423
12,High,Generic,39,-3.2816,1.0917
12,High,Generic,40,-3.115,1.0284
12,High,Inclusive,1,-4.2373,1.8066
12,High,Inclusive,2,-4.3003,2.2016
12,High,Inclusive,3,-4.194,1.9775
12,High,Inclusive,4,-4.0281,2.0098
12,High,Inclusive,5,-4.0726,2.2684
12,High,Inclusive,6,-4.3149,2.5381
12,High,Inclusive,7,-4.397,2.3668
12,High,Inclusive,8,-4.0679,2.0489
12,High,Inclusive,9,-4.0091,2.133
12,High,Inclusive,10,-4.1747,2.2351
12,High,Inclusive,11,-4.2381,2.3452
12,High,Inclusive,12,-4.099,1.8333
12,High,Inclusive,13,-4.0223,1.8505
12,High,Inclusive,14,-4.0631,2.4083
12,High,Inclusive,15,-4.3816,2.1008
12,High,Inclusive,16,-4.3839,2.14
12,High,Inclusive,17,-4.2642,2.3389
12,High,Inclusive,18,-4.0215,2.4621
12,High,Inclusive,19,-4.3023,2.1412
12,High,Inclusive,20,-4.4705,2.0218
12,High,Inclusive,21,-4.0733,2.5061
12,High,Inclusive,22,-4.4032,2.0645
12,High,Inclusive,23,-4.222,2.239
12,High,Inclusive,24,-4.3394,2.2678
12,High,Inclusive,25,-4.2891,2.1801
12,High,Inclusive,26,-4.1361,2.1843
12,High,Inclusive,27,-4.2835,2.1611
12,High,Inclusive,28,-4.2313,2.109
12,High,Inclusive,29,-4.2568,2.5027
12,High,Inclusive,30,-4.1339,2.1239
12,High,Inclusive,31,-4.1135,2.1162
12,High,Inclusive,32,-4.042,2.2569
12,High,Inclusive,33,-4.2341,2.2725
12,High,Inclusive,34,-4.4536,1.9576
12,High,Inclusive,35,-4.3971,2.2116
12,High,Inclusive,36,-3.9581,2.6293
12,High,Inclusive,37,-4.1223,2.2832
12,High,Inclusive,38,-4.4882,2.0745
12,High,Inclusive,39,-4.3362,2.0588
12,High,Inclusive,40,-4.2432,2.0886
13,High,Generic,1,-3.4069,1.2196
13,High,Generic,2,-3.2709,1.1178
13,High,Generic,3,-2.7989,0.8861
13,High,Generic,4,-3.4895,1.0128
13,High,Generic,5,-2.9449,1.4617
13,High,Generic,6,-3.2944,1.1693
13,High,Generic,7,-3.1798,1.0488
13,High,Generic,8,-2.7133,0.7694
13,High,Generic,9,-3.0719,1.1635
13,High,Generic,10,-2.9471,1.0896
13,High,Generic,11,-3.0638,0.9917
13,High,Generic,12,-3.0696,1.0014
13,High,Generic,13,-3.0168,0.9961
13,High,Generic,14,-3.0534,1.0641
13,High,Generic,15,-2.9411,1.0597
13,High,Generic,16,-3.376,1.3224
13,High,Generic,17,-3.2459,0.9392
13,High,Generic,18,-3.1993,1.3449
13,High,Generic,19,-3.4304,1.6975
13,High,Generic,20,-2.9516,1.1146
13,High,Generic,21,-3.1182,1.1271
13,High,Generic,22,-3.0318,1.199
13,High,Generic,23,-3.0267,1.0879
13,High,Generic,24,-3.1396,1.0397
13,High,Generic,25,-3.1392,1.2968
13,High,Generic,26,-3.021,0.4819
13,High,Generic,27,-3.0116,1.1089
13,High,Generic,28,-3.1128,0.9923
13,High,Generic,29,-2.9414,1.2595
13,High,Generic,30,-3.2259,1.1514
13,High,Generic,31,-3.2557,0.7941
13,High,Generic,32,-3.204,1.2425
13,High,Generic,33,-2.967,1.1726
13,High,Generic,34,-3.0012,1.1732
13,High,Generic,35,-3.2062,1.1564
13,High,Generic,36,-2.9899,1.2209
13,High,Generic,37,-2.9317,1.2117
13,High,Generic,38,-3.0573,1.284
13,High,Generic,39,-3.114,0.8936
13,High,Generic,40,-3.1345,0.921
13,High,Inclusive,1,-4.3193,2.1541
13,High,Inclusive,2,-4.3369,2.1214
13,High,Inclusive,3,-4.502,2.2257
13,High,Inclusive,4,-4.2178,2.0196
13,High,Inclusive,5,-4.1191,2.3705
13,High,Inclusive,6,-4.4591,2.0305
13,High,Inclusive,7,-4.3334,1.995
13,High,Inclusive,8,-4.0936,2.1442
13,High,Inclusive,9,-4.2577,1.7822
13,High,Inclusive,10,-4.1227,1.9351
13,High,Inclusive,11,-4.209,2.2385
13,High,Inclusive,12,-4.0139,1.9212
13,High,Inclusive,13,-4.6709,2.2198
13,High,Inclusive,14,-3.9479,2.4308
13,High,Inclusive,15,-4.1866,2.0847
13,High,Inclusive,16,-4.0969,1.9883
13,High,Inclusive,17,-4.1465,2.2841
13,High,Inclusive,18,-4.059,2.7349
13,High,Inclusive,19,-4.1591,2.0812
13,High,Inclusive,20,-4.2218,1.8292
13,High,Inclusive,21,-4.3222,2.1011
13,High,Inclusive,22,-4.2966,2.2135
13,High,Inclusive,23,-4.3414,2.4072
13,High,Inclusive,24,-4.218,2.1811
13,High,Inclusive,25,-4.2672,2.214
13,High,Inclusive,26,-4.0942,2.0096
13,High,Inclusive,27,-4.3167,2.1223
13,High,Inclusive,28,-4.4199,2.0191
13,High,Inclusive,29,-4.2894,2.3579
13,High,Inclusive,30,-4.1786,2.2217
13,High,Inclusive,31,-4.0904,2.1555
13,High,Inclusive,32,-4.1594,2.1624
13,High,Inclusive,33,-4.1782,2.0664
13,High,Inclusive,34,-4.5838,2.1561
13,High,Inclusive,35,-4.0046,2.3682
13,High,Inclusive,36,-4.0732,2.4302
13,High,Inclusive,37,-4.2047,2.2225
13,High,Inclusive,38,-4.3106,2.1198
13,High,Inclusive,39,-4.1256,2.4238
13,High,Inclusive,40,-4.2389,2.093
14,High,Generic,1,-3.1099,1.1902
14,High,Generic,2,-3.3266,0.6108
14,High,Generic,3,-3.1926,0.8259
14,High,Generic,4,-3.1862,1.0404
14,High,Generic,5,-3.178,1.3605
14,High,Generic,6,-3.061,1.1301
14,High,Generic,7,-3.0167,0.8422
14,High,Generic,8,-2.9541,1.0548
14,High,Generic,9,-3.0094,0.8556
14,High,Generic,10,-3.3431,1.2336
14,High,Generic,11,-3.0535,0.8896
14,High,Generic,12,-3.2404,1.2951
14,High,Generic,13,-3.2884,1.3985
14,High,Generic,14,-3.2451,1.1977
14,High,Generic,15,-3.1593,1.1906
14,High,Generic,16,-3.1916,1.0374
14,High,Generic,17,-3.1039,0.8696
14,High,Generic,18,-2.9989,0.9674
14,High,Generic,19,-3.1443,0.8711
14,High,Generic,20,-3.4944,1.0318
14,High,Generic,21,-2.7481,1.2269
14,High,Generic,22,-3.1129,1.0174
14,High,Generic,23,-3.1066,1.1794
14,High,Generic,24,-3.2871,1.2929
14,High,Generic,25,-3.0027,1.2136
14,High,Generic,26,-3.0442,1.0739
14,High,Generic,27,-3.0091,1.1884
14,High,Generic,28,-3.1631,0.9553
14,High,Generic,29,-3.0947,1.3798
14,High,Generic,30,-3.2959,0.7765
14,High,Generic,31,-3.0853,1.0802
14,High,Generic,32,-3.084,1.1188
14,High,Generic,33,-3.1435,1.368
14,High,Generic,34,-3.3501,0.9043
14,High,Generic,35,-3.1255,0.7414
14,High,Generic,36,-3.1364,1.4023
14,High,Generic,37,-3.1069,1.1161
14,High,Generic,38,-3.299,0.9467
14,High,Generic,39,-3.1663,1.0065
14,High,Generic,40,-2.9178,1.1815
14,High,Inclusive,1,-4.3847,2.2323
14,High,Inclusive,2,-4.1433,2.411
14,High,Inclusive,3,-3.9809,1.98
14,High,Inclusive,4,-4.3396,1.9315
14,High,Inclusive,5,-4.2531,2.2763
14,High,Inclusive,6,-4.0699,2.1678
14,High,Inclusive,7,-4.266,2.2134
14,High,Inclusive,8,-4.3433,2.6009
14,High,Inclusive,9,-4.4591,2.2199
14,High,Inclusive,10,-3.9145,2.1844
14,High,Inclusive,11,-4.2465,2.1115
14,High,Inclusive,12,-4.2451,2.4576
14,High,Inclusive,13,-4.5498,2.4897
14,High,Inclusive,14,-4.4316,2.1297
14,High,Inclusive,15,-4.2824,2.3007
14,High,Inclusive,16,-4.4577,2.2754
14,High,Inclusive,17,-3.9144,1.9104
14,High,Inclusive,18,-4.1895,2.0506
14,High,Inclusive,19,-4.1541,2.1868
14,High,Inclusive,20,-4.3142,2.2806
14,High,Inclusive,21,-3.9473,2.1448
14,High,Inclusive,22,-4.11,1.9243
14,High,Inclusive,23,-4.3615,2.2775
14,High,Inclusive,24,-3.9954,2.2541
14,High,Inclusive,25,-4.265,2.1829
14,High,Inclusive,26,-4.4056,2.3039
14,High,Inclusive,27,-4.0857,2.0926
14,High,Inclusive,28,-4.2885,2.2362
14,High,Inclusive,29,-4.2835,2.1698
14,High,Inclusive,30,-3.903,2.1336
14,High,Inclusive,31,-4.2718,2.0535
14,High,Inclusive,32,-4.1064,2.1468
14,High,Inclusive,33,-4.3154,2.4473
14,High,Inclusive,34,-4.0051,2.0629
14,High,Inclusive,35,-4.498,2.3845
14,High,Inclusive,36,-4.3207,2.3411
14,High,Inclusive,37,-4.5135,2.3615
14,High,Inclusive,38,-4.3997,2.3292
14,High,Inclusive,39,-4.2159,1.9922
14,High,Inclusive,40,-4.2791,2.3203
15,High,Generic,1,-3.0941,1.1869
15,High,Generic,2,-2.8135,0.7572
15,High,Generic,3,-2.8674,1.0909
15,High,Generic,4,-3.2448,0.8039
15,High,Generic,5,-3.1384,1.2543
15,High,Generic,6,-3.1291,1.3722
15,High,Generic,7,-3.3277,1.0676
15,High,Generic,8,-3.2979,1.1427
15,High,Generic,9,-2.977,0.9858
15,High,Generic,10,-3.5006,1.1098
15,High,Generic,11,-3.0445,1.1509
15,High,Generic,12,-2.9246,0.8558
15,High,Generic,13,-3.008,1.3085
15,High,Generic,14,-3.3768,1.1339
15,High,Generic,15,-3.1856,1.0537
15,High,Generic,16,-3.0578,0.9726
15,High,Generic,17,-3.2114,1.0768
15,High,Generic,18,-3.2731,0.8528
15,High,Generic,19,-3.0081,0.8402
15,High,Generic,20,-3.0101,1.1625
15,High,Generic,21,-3.3689,0.9345
15,High,Generic,22,-2.9309,0.8738
15,High,Generic,23,-3.1797,1.1624
15,High,Generic,24,-2.9925,1.0197
15,High,Generic,25,-3.1996,1.3545
15,High,Generic,26,-2.8492,1.2658
15,High,Generic,27,-3.0972,0.9083
15,High,Generic,28,-3.2346,1.1745
15,High,Generic,29,-3.0472,1.3503
15,High,Generic,30,-3.0124,0.7694
15,High,Generic,31,-2.9522,0.8704
15,High,Generic,32,-3.1676,1.12
15,High,Generic,33,-2.8106,1.692
15,High,Generic,34,-3.019,1.0334
15,High,Generic,35,-3.0298,1.2475
15,High,Generic,36,-3.1581,1.429
15,High,Generic,37,-3.0755,1.1695
15,High,Generic,38,-3.0101,1.1543
15,High,Generic,39,-2.9842,0.9465
15,High,Generic,40,-3.1937,0.85
15,High,Inclusive,1,-4.1521,2.3388
15,High,Inclusive,2,-4.1493,2.5179
15,High,Inclusive,3,-4.2188,2.3167
15,High,Inclusive,4,-4.3818,2.1056
15,High,Inclusive,5,-4.1137,2.3528
15,High,Inclusive,6,-4.2621,2.1687
15,High,Inclusive,7,-4.4457,2.1116
15,High,Inclusive,8,-4.0844,2.298
15,High,Inclusive,9,-4.1429,2.193
15,High,Inclusive,10,-4.2169,2.0509
15,High,Inclusive,11,-4.1132,2.2672
15,High,Inclusive,12,-4.1442,2.0778
15,High,Inclusive,13,-4.541,2.4024
15,High,Inclusive,14,-4.2898,2.0104
15,High,Inclusive,15,-4.114,2.1046
15,High,Inclusive,16,-4.059,2.3064
15,High,Inclusive,17,-4.1155,1.9098
15,High,Inclusive,18,-4.0362,2.2353
15,High,Inclusive,19,-4.2734,2.2117
15,High,Inclusive,20,-4.4844,2.2647
15,High,Inclusive,21,-4.3724,1.9125
15,High,Inclusive,22,-4.4464,2.4055
15,High,Inclusive,23,-4.3124,2.4897
15,High,Inclusive,24,-4.2984,1.8415
15,High,Inclusive,25,-4.3855,2.4302
15,High,Inclusive,26,-4.2414,2.0733
15,High,Inclusive,27,-4.194,2.2834
15,High,Inclusive,28,-4.0504,2.4727
15,High,Inclusive,29,-4.272,1.9178
15,High,Inclusive,30,-4.28,2.2351
15,High,Inclusive,31,-4.3626,1.9916
15,High,Inclusive,32,-4.1664,2.1733
15,High,Inclusive,33,-4.2131,2.0313
15,High,Inclusive,34,-4.2526,1.9982
15,High,Inclusive,35,-4.0845,2.39
15,High,Inclusive,36,-4.4949,1.9971
15,High,Inclusive,37,-4.4425,2.053
15,High,Inclusive,38,-4.2305,1.8931
15,High,Inclusive,39,-4.3563,1.9822
15,High,Inclusive,40,-4.1869,2.1969
16,High,Generic,1,-3.2183,1.1054
16,High,Generic,2,-3.192,1.0157
16,High,Generic,3,-2.859,1.3381
16,High,Generic,4,-3.3049,1.2359
16,High,Generic,5,-2.9883,0.8403
16,High,Generic,6,-2.9872,1.3776
16,High,Generic,7,-3.2784,0.8865
16,High,Generic,8,-2.9574,1.1243
16,High,Generic,9,-3.0273,1.1381
16,High,Generic,10,-3.0514,0.8047
16,High,Generic,11,-2.9529,1.3039
16,High,Generic,12,-3.1444,1.0613
16,High,Generic,13,-3.3397,1.1729
16,High,Generic,14,-3.0242,1.0576
16,High,Generic,15,-2.9413,1.0032
16,High,Generic,16,-3.0253,0.8661
16,High,Generic,17,-3.1135,1.0351
16,High,Generic,18,-3.0762,0.9961
16,High,Generic,19,-3.1297,1.2352
16,High,Generic,20,-3.1755,0.7487
16,High,Generic,21,-2.8476,1.3463
16,High,Generic,22,-3.3038,1.2079
16,High,Generic,23,-3.1854,1.1227
16,High,Generic,24,-3.0659,1.0231
16,High,Generic,25,-3.2276,0.9319
16,High,Generic,26,-3.2474,0.9036
16,High,Generic,27,-3.1201,0.9268
16,High,Generic,28,-3.0077,1.3674
16,High,Generic,29,-3.197,1.1179
16,High,Generic,30,-3.035,1.1644
16,High,Generic,31,-3.0986,1.2185
16,High,Generic,32,-3.0377,0.8225
16,High,Generic,33,-2.9796,1.2475
16,High,Generic,34,-3.2245,1.0776
16,High,Generic,35,-3.0075,1.0281
16,High,Generic,36,-2.9491,1.5428
16,High,Generic,37,-3.2279,0.7938
16,High,Generic,38,-3.0644,1.2143
16,High,Generic,39,-3.1446,1.3607
16,High,Generic,40,-3.3108,1.2086
16,High,Inclusive,1,-4.3089,2.5269
16,High,Inclusive,2,-3.9191,2.0297
16,High,Inclusive,3,-4.3004,2.3549
16,High,Inclusive,4,-4.2761,2.1739
16,High,Inclusive,5,-4.2142,1.7991
16,High,Inclusive,6,-4.2201,2.0451
16,High,Inclusive,7,-4.292,2.4717
16,High,Inclusive,8,-4.4065,2.3456
16,High,Inclusive,9,-4.2598,2.127
16,High,Inclusive,10,-4.0994,2.251
16,High,Inclusive,11,-4.1324,2.3766
16,High,Inclusive,12,-4.2677,2.0606
16,High,Inclusive,13,-4.3808,2.0179
16,High,Inclusive,14,-3.7756,2.4319
16,High,Inclusive,15,-4.4207,1.9185
16,High,Inclusive,16,-4.1457,2.2925
16,High,Inclusive,17,-4.1357,2.132
16,High,Inclusive,18,-4.2368,2.2486
16,High,Inclusive,19,-4.2051,1.7391
16,High,Inclusive,20,-4.2525,2.0127
16,High,Inclusive,21,-4.1917,2.7801
16,High,Inclusive,22,-4.1629,2.1203
16,High,Inclusive,23,-4.0797,2.2795
16,High,Inclusive,24,-4.155,2.3044
16,High,Inclusive,25,-3.9095,1.9568
16,High,Inclusive,26,-4.147,1.9977
16,High,Inclusive,27,-4.1347,1.9993
16,High,Inclusive,28,-4.2806,2.124
16,High,Inclusive,29,-4.0716,2.3667
16,High,Inclusive,30,-4.4049,2.194
16,High,Inclusive,31,-4.3244,1.9313
16,High,Inclusive,32,-4.2506,2.1213
16,High,Inclusive,33,-3.854,2.2696
16,High,Inclusive,34,-4.4246,2.07
16,High,Inclusive,35,-4.0648,2.6007
16,High,Inclusive,36,-4.4559,1.807
16,High,Inclusive,37,-3.9374,2.2609
16,High,Inclusive,38,-4.3482,2.2899
16,High,Inclusive,39,-4.6134,2.1837
16,High,Inclusive,40,-4.1688,2.3679
17,High,Generic,1,-3.2621,1.0871
17,High,Generic,2,-3.2488,1.1211
17,High,Generic,3,-3.2443,0.9884
17,High,Generic,4,-3.2594,1.2002
17,High,Generic,5,-2.9812,1.0231
17,High,Generic,6,-3.1043,0.7803
17,High,Generic,7,-3.155,1.06
17,High,Generic,8,-2.7169,0.8476
17,High,Generic,9,-2.8904,1.2694
17,High,Generic,10,-3.0679,1.4217
17,High,Generic,11,-3.0542,1.1478
17,High,Generic,12,-3.118,1.3147
17,High,Generic,13,-2.9455,0.9449
17,High,Generic,14,-3.3079,1.0294
17,High,Generic,15,-3.23,1.0573
17,High,Generic,16,-2.9244,0.9785
17,High,Generic,17,-3.1164,1.0816
17,High,Generic,18,-2.9827,0.6206
17,High,Generic,19,-3.201,1.1123
17,High,Generic,20,-2.93,0.9716
17,High,Generic,21,-3.3915,1.1939
17,High,Generic,22,-3.2053,0.8321
17,High,Generic,23,-3.2037,1.0331
17,High,Generic,24,-3.2007,0.6289
17,High,Generic,25,-2.9754,1.325
17,High,Generic,26,-3.0123,0.8425
17,High,Generic,27,-3.1402,1.0687
17,High,Generic,28,-3.0202,1.2037
17,High,Generic,29,-3.2201,1.0864
17,High,Generic,30,-3.0414,1.3612
17,High,Generic,31,-3.0043,1.2278
17,High,Generic,32,-3.0974,1.3521
17,High,Generic,33,-3.0485,0.8978
17,High,Generic,34,-2.8995,1.2096
17,High,Generic,35,-3.1765,0.9741
17,High,Generic,36,-3.0655,1.1626
17,High,Generic,37,-3.0804,1.1323
17,High,Generic,38,-2.855,1.2843
17,High,Generic,39,-3.0814,1.2583
17,High,Generic,40,-3.2649,1.1496
17,High,Inclusive,1,-3.9466,2.1394
17,High,Inclusive,2,-4.3451,2.0526
17,High,Inclusive,3,-4.3814,2.026
17,High,Inclusive,4,-4.2736,1.9019
17,High,Inclusive,5,-4.2157,2.3635
17,High,Inclusive,6,-4.3542,2.4869
17,High,Inclusive,7,-4.1414,2.3891
17,High,Inclusive,8,-4.3167,2.3539
17,High,Inclusive,9,-4.3818,2.361
17,High,Inclusive,10,-4.1922,2.2937
17,High,Inclusive,11,-4.3943,2.004
17,High,Inclusive,12,-4.1284,1.9933
17,High,Inclusive,13,-4.1485,1.9096
17,High,Inclusive,14,-4.0908,1.9365
17,High,Inclusive,15,-4.1352,2.3081
17,High,Inclusive,16,-4.3225,2.2994
17,High,Inclusive,17,-4.1789,2.0752
17,High,Inclusive,18,-4.3693,1.7905
17,High,Inclusive,19,-4.1656,1.87
17,High,Inclusive,20,-4.2037,2.1303
17,High,Inclusive,21,-4.1161,2.1226
17,High,Inclusive,22,-4.2674,2.3294
17,High,Inclusive,23,-4.1677,2.2462
17,High,Inclusive,24,-4.1476,1.8759
17,High,Inclusive,25,-4.1045,2.3055
17,High,Inclusive,26,-4.3705,2.1342
17,High,Inclusive,27,-4.2239,2.1561
17,High,Inclusive,28,-4.1679,2.4693
17,High,Inclusive,29,-4.0557,1.9206
17,High,Inclusive,30,-4.1247,2.4488
17,High,Inclusive,31,-4.16,2.4012
17,High,Inclusive,32,-3.9162,2.3877
17,High,Inclusive,33,-4.1806,2.392
17,High,Inclusive,34,-4.1963,2.1878
17,High,Inclusive,35,-4.2707,2.4957
17,High,Inclusive,36,-4.3408,2.4895
17,High,Inclusive,37,-4.143,1.9031
17,High,Inclusive,38,-4.1629,1.763
17,High,Inclusive,39,-4.1242,2.36
17,High,Inclusive,40,-4.3069,2.2077
18,High,Generic,1,-2.8169,0.9689
18,High,Generic,2,-3.2688,1.3663
18,High,Generic,3,-2.8156,1.0707
18,High,Generic,4,-2.9583,1.3383
18,High,Generic,5,-3.2214,0.9729
18,High,Generic,6,-2.9254,1.407
18,High,Generic,7,-3.0256,0.894
18,High,Generic,8,-2.8119,0.9638
18,High,Generic,9,-3.1603,1.1385
18,High,Generic,10,-2.8769,1.2408
18,High,Generic,11,-3.0478,1.1627
18,High,Generic,12,-3.1035,1.1816
18,High,Generic,13,-3.4894,1.0107
18,High,Generic,14,-3.0738,0.8398
18,High,Generic,15,-3.0521,1.0291
18,High,Generic,16,-2.8467,1.3846
18,High,Generic,17,-3.1799,1.0398
18,High,Generic,18,-3.1211,0.9797
18,High,Generic,19,-3.0807,0.9183
18,High,Generic,20,-3.2796,1.1945
18,High,Generic,21,-3.0156,0.9091
18,High,Generic,22,-2.9757,0.9437
18,High,Generic,23,-3.072,1.2341
18,High,Generic,24,-3.115,1.1609
18,High,Generic,25,-3.1875,1.0307
18,High,Generic,26,-3.1409,0.9207
18,High,Generic,27,-3.1365,0.7603
18,High,Generic,28,-3.1837,1.013
18,High,Generic,29,-3.1484,1.0217
18,High,Generic,30,-3.1193,1.1659
18,High,Generic,31,-2.9788,0.94
18,High,Generic,32,-3.2905,0.8616
18,High,Generic,33,-3.1831,0.9996
18,High,Generic,34,-3.2255,0.8108
18,High,Generic,35,-3.1784,1.1063
18,High,Generic,36,-3.0207,0.9585
18,High,Generic,37,-3.1719,0.8847
18,High,Generic,38,-3.1147,0.9003
18,High,Generic,39,-3.024,0.7128
18,High,Generic,40,-3.1639,1.1302
18,High,Inclusive,1,-4.1904,2.7216
18,High,Inclusive,2,-4.1655,1.9822
18,High,Inclusive,3,-4.2323,1.8278
18,High,Inclusive,4,-4.2301,2.0164
18,High,Inclusive,5,-4.0807,2.0731
18,High,Inclusive,6,-4.2355,2.0559
18,High,Inclusive,7,-3.9572,2.1188
18,High,Inclusive,8,-3.9431,2.3458
18,High,Inclusive,9,-4.1457,2.2567
18,High,Inclusive,10,-4.1589,1.7975
18,High,Inclusive,11,-4.2598,2.352
18,High,Inclusive,12,-4.2253,1.902
18,High,Inclusive,13,-4.2259,2.5238
18,High,Inclusive,14,-4.031,2.1706
18,High,Inclusive,15,-4.0753,2.1097
18,High,Inclusive,16,-4.4736,1.9981
18,High,Inclusive,17,-3.9836,2.1282
18,High,Inclusive,18,-4.2545,2.123
18,High,Inclusive,19,-3.9324,2.5082
18,High,Inclusive,20,-3.8852,2.1512
18,High,Inclusive,21,-4.1737,1.8797
18,High,Inclusive,22,-3.9965,1.9494
18,High,Inclusive,23,-4.1855,1.9635
18,High,Inclusive,24,-4.3063,2.0155
18,High,Inclusive,25,-4.3092,2.0752
18,High,Inclusive,26,-4.3002,2.3497
18,High,Inclusive,27,-4.3837,2.2271
18,High,Inclusive,28,-4.0353,2.0804
18,High,Inclusive,29,-4.3257,2.1369
18,High,Inclusive,30,-4.041,2.2218
18,High,Inclusive,31,-4.2977,2.2798
18,High,Inclusive,32,-4.3833,2.3193
18,High,Inclusive,33,-4.1567,2.1214
18,High,Inclusive,34,-4.3438,2.0057
18,High,Inclusive,35,-4.1378,2.4288
18,High,Inclusive,36,-4.3136,2.2747
18,High,Inclusive,37,-4.5311,2.0661
18,High,Inclusive,38,-4.2227,2.0011
18,High,Inclusive,39,-4.3585,2.0494
18,High,Inclusive,40,-4.1742,2.1455
19,High,Generic,1,-3.4457,0.6459
19,High,Generic,2,-3.201,1.1615
19,High,Generic,3,-3.5221,0.9701
19,High,Generic,4,-3.1889,1.3477
19,High,Generic,5,-3.1678,1.1466
19,High,Generic,6,-3.0888,0.6439
19,High,Generic,7,-2.9948,1.1131
19,High,Generic,8,-3.0338,1.8552
19,High,Generic,9,-3.4226,1.4149
19,High,Generic,10,-3.1531,1.1275
19,High,Generic,11,-3.1168,0.9852
19,High,Generic,12,-3.1955,1.1359
19,High,Generic,13,-3.3376,1.2201
19,High,Generic,14,-3.1724,0.844
19,High,Generic,15,-3.1775,1.3214
19,High,Generic,16,-3.1903,1.1417
19,High,Generic,17,-3.2196,1.2216
19,High,Generic,18,-3.0072,1.4397
19,High,Generic,19,-3.1363,1.2037
19,High,Generic,20,-3.0953,1.3292
19,High,Generic,21,-3.2178,1.219
19,High,Generic,22,-3.1392,1.0572
19,High,Generic,23,-3.0962,1.1204
19,High,Generic,24,-3.1274,1.1129
19,High,Generic,25,-2.8733,1.2671
19,High,Generic,26,-2.9796,0.9789
19,High,Generic,27,-3.2434,1.2611
19,High,Generic,28,-2.9786,1.3645
19,High,Generic,29,-3.2006,1.0241
19,High,Generic,30,-3.3559,0.9915
19,High,Generic,31,-2.9605,0.9767
19,High,Generic,32,-3.0139,1.0319
19,High,Generic,33,-3.0614,0.8405
19,High,Generic,34,-3.0972,0.4718
19,High,Generic,35,-3.138,0.7439
19,High,Generic,36,-2.9291,1.2255
19,High,Generic,37,-3.04,1.3742
19,High,Generic,38,-3.2523,1.4195
19,High,Generic,39,-2.9702,1.0227
19,High,Generic,40,-2.9397,0.8487
19,High,Inclusive,1,-4.3417,2.0613
19,High,Inclusive,2,-4.2973,1.9717
19,High,Inclusive,3,-4.0345,2.1312
19,High,Inclusive,4,-4.1651,2.0689
19,High,Inclusive,5,-4.4911,2.237
19,High,Inclusive,6,-4.5048,2.1693
19,High,Inclusive,7,-4.4232,2.5805
19,High,Inclusive,8,-4.0813,2.2042
19,High,Inclusive,9,-4.0284,2.0137
19,High,Inclusive,10,-4.1365,2.223
19,High,Inclusive,11,-4.1784,2.4375
19,High,Inclusive,12,-4.1081,2.2407
19,High,Inclusive,13,-4.4662,1.991
19,High,Inclusive,14,-4.2364,2.2017
19,High,Inclusive,15,-4.3875,2.6653
19,High,Inclusive,16,-3.9905,2.3034
19,High,Inclusive,17,-4.2072,2.1406
19,High,Inclusive,18,-4.3608,2.1985
19,High,Inclusive,19,-4.1793,1.9346
19,High,Inclusive,20,-4.1679,2.1519
19,High,Inclusive,21,-4.5042,2.0109
19,High,Inclusive,22,-4.28,2.5605
19,High,Inclusive,23,-4.1345,1.9159
19,High,Inclusive,24,-4.1451,1.8735
19,High,Inclusive,25,-4.0556,2.0888
19,High,Inclusive,26,-4.232,2.4482
19,High,Inclusive,27,-4.4111,1.9036
19,High,Inclusive,28,-4.3055,2.3907
19,High,Inclusive,29,-4.4459,1.6166
19,High,Inclusive,30,-4.2857,2.2933
19,High,Inclusive,31,-4.038,2.0904
19,High,Inclusive,32,-4.2797,2.4138
19,High,Inclusive,33,-4.4985,2.1053
19,High,Inclusive,34,-4.1894,2.2728
19,High,Inclusive,35,-4.2945,2.1899
19,High,Inclusive,36,-4.5912,2.0514
19,High,Inclusive,37,-4.15,1.9865
19,High,Inclusive,38,-4.2092,2.2724
19,High,Inclusive,39,-4.2694,2.2171
19,High,Inclusive,40,-4.3624,2.1417
20,High,Generic,1,-3.0185,1.1014
20,High,Generic,2,-3.198,1.1148
20,High,Generic,3,-3.0028,0.66
20,High,Generic,4,-2.9361,1.0027
20,High,Generic,5,-3.0462,1.3094
20,High,Generic,6,-3.3158,0.9281
20,High,Generic,7,-3.1533,0.9132
20,High,Generic,8,-2.8498,0.8986
20,High,Generic,9,-3.1933,1.1109
20,High,Generic,10,-3.2903,0.9909
20,High,Generic,11,-3.0624,1.0034
20,High,Generic,12,-3.124,0.9641
20,High,Generic,13,-3.3372,1.1343
20,High,Generic,14,-2.8468,1.0737
20,High,Generic,15,-3.0762,1.2085
20,High,Generic,16,-3.3004,1.4105
20,High,Generic,17,-3.0797,1.3964
20,High,Generic,18,-3.22,1.4336
20,High,Generic,19,-2.9937,1.1806
20,High,Generic,20,-3.0749,1.0203
20,High,Generic,21,-2.9299,1.0981
20,High,Generic,22,-3.4051,0.8466
20,High,Generic,23,-3.1379,1.132
20,High,Generic,24,-3.1185,1.3138
20,High,Generic,25,-3.4027,1.0987
20,High,Generic,26,-3.3827,1.2219
20,High,Generic,27,-3.1242,1.1539
20,High,Generic,28,-3.2396,1.3259
20,High,Generic,29,-2.9537,1.1867
20,High,Generic,30,-3.1294,1.186
20,High,Generic,31,-3.216,1.2411
20,High,Generic,32,-2.8626,1.2841
20,High,Generic,33,-3.2194,1.1423
20,High,Generic,34,-3.304,1.1845
20,High,Generic,35,-3.0424,0.696
20,High,Generic,36,-3.2843,1.0134
20,High,Generic,37,-3.1551,0.8281
20,High,Generic,38,-3.0517,1.1203
20,High,Generic,39,-3.1391,0.9188
20,High,Generic,40,-2.9527,1.4011
20,High,Inclusive,1,-4.2905,2.0606
20,High,Inclusive,2,-4.1443,2.1114
20,High,Inclusive,3,-4.2389,2.3309
20,High,Inclusive,4,-4.5044,2.4467
20,High,Inclusive,5,-4.2071,2.1007
20,High,Inclusive,6,-4.2314,2.1755
20,High,Inclusive,7,-4.4777,2.482
20,High,Inclusive,8,-4.2118,2.2716
20,High,Inclusive,9,-4.0753,1.9788
20,High,Inclusive,10,-4.147,2.1295
20,High,Inclusive,11,-4.091,1.7576
20,High,Inclusive,12,-4.2329,2.0624
20,High,Inclusive,13,-4.1532,2.277
20,High,Inclusive,14,-4.3241,2.0406
20,High,Inclusive,15,-4.2346,2.0037
20,High,Inclusive,16,-4.0917,2.1092
20,High,Inclusive,17,-4.654,2.108
20,High,Inclusive,18,-4.3738,1.8567
20,High,Inclusive,19,-4.4036,2.2049
20,High,Inclusive,20,-4.0187,2.2456
20,High,Inclusive,21,-4.309,2.2742
20,High,Inclusive,22,-4.2869,2.0441
20,High,Inclusive,23,-4.3912,1.8326
20,High,Inclusive,24,-4.2765,2.2146
20,High,Inclusive,25,-4.2325,2.0998
20,High,Inclusive,26,-4.3599,2.3046
20,High,Inclusive,27,-4.4156,2.3382
20,High,Inclusive,28,-4.3683,2.0325
20,High,Inclusive,29,-4.438,2.0827
20,High,Inclusive,30,-4.0717,2.2861
20,High,Inclusive,31,-4.0712,2.2874
20,High,Inclusive,32,-4.3836,2.1168
20,High,Inclusive,33,-4.335,2.4491
20,High,Inclusive,34,-4.3975,2.3617
20,High,Inclusive,35,-4.0841,2.5489
20,High,Inclusive,36,-4.2795,2.3255
20,High,Inclusive,37,-3.8758,2.0595
20,High,Inclusive,38,-4.4483,1.807
20,High,Inclusive,39,-4.1111,1.8064
20,High,Inclusive,40,-4.2738,2.2705
21,Low,Generic,1,-3.2402,1.3031
21,Low,Generic,2,-3.2347,1.4738
21,Low,Generic,3,-3.4108,1.0826
21,Low,Generic,4,-3.3839,1.384
21,Low,Generic,5,-3.1329,1.3082
21,Low,Generic,6,-3.0905,0.9824
21,Low,Generic,7,-3.0179,1.5226
21,Low,Generic,8,-3.1577,1.5744
21,Low,Generic,9,-3.5165,1.1131
21,Low,Generic,10,-3.3783,1.3623
21,Low,Generic,11,-3.4255,1.3695
21,Low,Generic,12,-3.0624,1.357
21,Low,Generic,13,-3.2254,1.0204
21,Low,Generic,14,-3.395,1.4679
21,Low,Generic,15,-3.1511,1.2102
21,Low,Generic,16,-3.3307,0.8128
21,Low,Generic,17,-3.4286,1.6003
21,Low,Generic,18,-3.4601,1.2559
21,Low,Generic,19,-3.1169,0.967
21,Low,Generic,20,-3.2403,1.4056
21,Low,Generic,21,-3.2661,1.7917
21,Low,Generic,22,-3.5183,1.4297
21,Low,Generic,23,-3.2939,1.3724
21,Low,Generic,24,-3.2018,1.0714
21,Low,Generic,25,-3.2337,0.8464
21,Low,Generic,26,-3.1775,1.2776
21,Low,Generic,27,-3.1722,1.4296
21,Low,Generic,28,-3.2129,1.2476
21,Low,Generic,29,-3.4002,1.0756
21,Low,Generic,30,-3.09,1.5053
21,Low,Generic,31,-3.3037,1.2272
21,Low,Generic,32,-3.4037,1.4526
21,Low,Generic,33,-3.1682,1.6062
21,Low,Generic,34,-3.3997,1.1424
21,Low,Generic,35,-3.2333,1.3473
21,Low,Generic,36,-3.3004,1.0434
21,Low,Generic,37,-3.1358,1.3622
21,Low,Generic,38,-3.4054,1.4891
21,Low,Generic,39,-3.0925,1.2449
21,Low,Generic,40,-3.2561,1.3288
21,Low,Inclusive,1,-7.1173,4.226
21,Low,Inclusive,2,-7.3109,4.3953
21,Low,Inclusive,3,-7.2222,4.5207
21,Low,Inclusive,4,-7.0375,4.1777
21,Low,Inclusive,5,-7.0822,4.1624
21,Low,Inclusive,6,-6.7752,3.7224
21,Low,Inclusive,7,-6.7965,4.2876
21,Low,Inclusive,8,-7.1691,4.0049
21,Low,Inclusive,9,-6.7365,4.0309
21,Low,Inclusive,10,-7.161,4.4475
21,Low,Inclusive,11,-6.9372,4.0324
21,Low,Inclusive,12,-6.9555,4.0148
21,Low,Inclusive,13,-6.8229,4.4323
21,Low,Inclusive,14,-6.9082,4.2923
21,Low,Inclusive,15,-6.7238,4.2199
21,Low,Inclusive,16,-7.1653,4.3099
21,Low,Inclusive,17,-6.6751,4.017
21,Low,Inclusive,18,-7.0422,4.3033
21,Low,Inclusive,19,-6.9961,4.0235
21,Low,Inclusive,20,-6.8197,4.684
21,Low,Inclusive,21,-6.9586,4.0392
21,Low,Inclusive,22,-7.2203,4.2716
21,Low,Inclusive,23,-6.8224,4.315
21,Low,Inclusive,24,-6.9884,4.1021
21,Low,Inclusive,25,-7.1518,4.387
21,Low,Inclusive,26,-6.8509,3.9109
21,Low,Inclusive,27,-6.7495,4.3348
21,Low,Inclusive,28,-6.7781,3.9516
21,Low,Inclusive,29,-7.1929,4.1902
21,Low,Inclusive,30,-6.9126,4.5793
21,Low,Inclusive,31,-6.8821,4.1715
21,Low,Inclusive,32,-7.142,4.466
21,Low,Inclusive,33,-7.1327,4.5457
21,Low,Inclusive,34,-7.0307,4.5381
21,Low,Inclusive,35,-6.8862,4.1926
21,Low,Inclusive,36,-7.0659,4.1518
21,Low,Inclusive,37,-6.9238,4.2354
21,Low,Inclusive,38,-7.0771,4.1869
21,Low,Inclusive,39,-6.9762,3.7943
21,Low,Inclusive,40,-6.9193,4.0241
22,Low,Generic,1,-3.441,0.8805
22,Low,Generic,2,-3.5371,0.9469
22,Low,Generic,3,-3.3744,1.6087
22,Low,Generic,4,-3.3469,1.2536
22,Low,Generic,5,-3.2079,1.2442
22,Low,Generic,6,-3.2796,0.9789
22,Low,Generic,7,-3.0504,1.5794
22,Low,Generic,8,-3.5204,1.0132
22,Low,Generic,9,-3.31,1.0251
22,Low,Generic,10,-3.1921,1.0723
22,Low,Generic,11,-2.9432,1.4561
22,Low,Generic,12,-3.2361,1.4234
22,Low,Generic,13,-3.1021,1.1052
22,Low,Generic,14,-3.3904,1.2336
22,Low,Generic,15,-3.1388,1.2458
22,Low,Generic,16,-3.5045,1.0574
22,Low,Generic,17,-3.2791,1.2029
22,Low,Generic,18,-2.9721,0.9408
22,Low,Generic,19,-3.1922,1.5158
22,Low,Generic,20,-2.9273,1.1371
22,Low,Generic,21,-3.1943,1.332
22,Low,Generic,22,-3.2387,1.1982
22,Low,Generic,23,-3.2026,0.7116
22,Low,Generic,24,-3.1657,1.2432
22,Low,Generic,25,-3.3014,1.6274
22,Low,Generic,26,-3.3692,1.1374
22,Low,Generic,27,-2.9693,1.0516
22,Low,Generic,28,-3.3505,1.1886
22,Low,Generic,29,-3.1419,1.2596
22,Low,Generic,30,-3.4619,1.1116
22,Low,Generic,31,-3.3591,1.2026
22,Low,Generic,32,-3.2041,1.3016
22,Low,Generic,33,-3.5344,1.4308
22,Low,Generic,34,-3.2301,1.4949
22,Low,Generic,35,-3.2014,1.4383
22,Low,Generic,36,-3.198,1.4872
22,Low,Generic,37,-3.1897,1.1984
22,Low,Generic,38,-2.9271,1.3958
22,Low,Generic,39,-3.1819,0.9627
22,Low,Generic,40,-3.4612,1.2765
22,Low,Inclusive,1,-6.9662,4.0972
22,Low,Inclusive,2,-6.9669,4.5377
22,Low,Inclusive,3,-6.8837,3.9918
22,Low,Inclusive,4,-7.0047,4.059
22,Low,Inclusive,5,-7.0462,4.1373
22,Low,Inclusive,6,-7.0596,3.969
22,Low,Inclusive,7,-7.0071,4.1079
22,Low,Inclusive,8,-7.4274,4.6306
22,Low,Inclusive,9,-6.8247,4.1447
22,Low,Inclusive,10,-6.9852,3.9857
22,Low,Inclusive,11,-6.7336,4.5995
22,Low,Inclusive,12,-6.9645,4.4247
22,Low,Inclusive,13,-6.9617,3.9527
22,Low,Inclusive,14,-7.0498,4.2464
22,Low,Inclusive,15,-7.0562,4.1763
22,Low,Inclusive,16,-7.0017,4.2038
22,Low,Inclusive,17,-6.9802,4.0079
22,Low,Inclusive,18,-7.0956,3.9631
22,Low,Inclusive,19,-6.8413,3.7989
22,Low,Inclusive,20,-6.815,4.4973
22,Low,Inclusive,21,-7.0333,3.6994
22,Low,Inclusive,22,-7.0422,4.2072
22,Low,Inclusive,23,-7.1396,4.117
22,Low,Inclusive,24,-6.7585,4.353
22,Low,Inclusive,25,-7.1267,3.9005
22,Low,Inclusive,26,-7.0371,4.1773
22,Low,Inclusive,27,-6.9136,4.1129
22,Low,Inclusive,28,-6.9113,4.607
22,Low,Inclusive,29,-6.8657,4.2104
22,Low,Inclusive,30,-7.0155,4.1487
22,Low,Inclusive,31,-6.8109,4.0945
22,Low,Inclusive,32,-6.9812,4.2302
22,Low,Inclusive,33,-7.0633,3.9455
22,Low,Inclusive,34,-6.9396,4.2078
22,Low,Inclusive,35,-6.913,4.1133
22,Low,Inclusive,36,-6.8049,4.0446
22,Low,Inclusive,37,-6.7312,3.8705
22,Low,Inclusive,38,-6.9228,4.3151
22,Low,Inclusive,39,-7.1073,4.3049
22,Low,Inclusive,40,-6.7961,3.7766
23,Low,Generic,1,-3.1926,0.7193
23,Low,Generic,2,-3.4128,1.5438
23,Low,Generic,3,-3.3553,0.9832
23,Low,Generic,4,-3.2977,1.6316
23,Low,Generic,5,-3.5428,1.0077
23,Low,Generic,6,-3.0434,1.5895
23,Low,Generic,7,-3.2835,0.9702
23,Low,Generic,8,-2.9536,1.5369
23,Low,Generic,9,-3.1662,1.0555
23,Low,Generic,10,-3.2754,1.1859
23,Low,Generic,11,-3.2184,1.5082
23,Low,Generic,12,-3.1361,1.0025
23,Low,Generic,13,-3.0615,1.2806
23,Low,Generic,14,-3.1649,1.5113
23,Low,Generic,15,-3.4347,1.2108
23,Low,Generic,16,-3.3477,0.9044
23,Low,Generic,17,-3.216,1.7203
23,Low,Generic,18,-3.544,1.2115
23,Low,Generic,19,-3.1719,1.2426
23,Low,Generic,20,-3.285,0.9582
23,Low,Generic,21,-3.2331,1.0666
23,Low,Generic,22,-3.5965,1.4569
23,Low,Generic,23,-3.1242,1.2283
23,Low,Generic,24,-3.2336,1.4329
23,Low,Generic,25,-3.2343,1.3988
23,Low,Generic,26,-3.3126,1.4804
23,Low,Generic,27,-3.2199,1.2568
23,Low,Generic,28,-3.4585,1.2754
23,Low,Generic,29,-3.3928,1.0903
23,Low,Generic,30,-3.3903,1.0048
23,Low,Generic,31,-2.9493,1.4843
23,Low,Generic,32,-2.9799,0.9734
23,Low,Generic,33,-3.2573,0.9593
23,Low,Generic,34,-3.3724,1.0344
23,Low,Generic,35,-3.0821,1.1388
23,Low,Generic,36,-3.1077,1.3388
23,Low,Generic,37,-2.9225,0.9221
23,Low,Generic,38,-3.0791,1.4473
23,Low,Generic,39,-3.414,1.4194
23,Low,Generic,40,-3.2176,1.1725
23,Low,Inclusive,1,-7.1116,4.0762
23,Low,Inclusive,2,-6.6805,4.2201
23,Low,Inclusive,3,-6.8707,4.0618
23,Low,Inclusive,4,-7.105,4.4364
23,Low,Inclusive,5,-7.1904,4.137
23,Low,Inclusive,6,-6.9829,4.2423
23,Low,Inclusive,7,-7.0149,4.2992
23,Low,Inclusive,8,-6.8841,4.3669
23,Low,Inclusive,9,-7.1359,4.1632
23,Low,Inclusive,10,-6.8088,4.3989
23,Low,Inclusive,11,-7.1939,4.2903
23,Low,Inclusive,12,-7.2847,4.2294
23,Low,Inclusive,13,-6.7033,4.0304
23,Low,Inclusive,14,-7.1131,4.3728
23,Low,Inclusive,15,-7.2194,4.0934
23,Low,Inclusive,16,-6.8985,4.0931
23,Low,Inclusive,17,-7.0234,4.3688
23,Low,Inclusive,18,-6.9248,4.2734
23,Low,Inclusive,19,-7.0389,4.294
23,Low,Inclusive,20,-7.0066,4.3116
23,Low,Inclusive,21,-7.0625,4.1835
23,Low,Inclusive,22,-7.1365,4.213
23,Low,Inclusive,23,-7.1097,3.9972
23,Low,Inclusive,24,-6.9492,4.2625
23,Low,Inclusive,25,-6.8706,4.1338
23,Low,Inclusive,26,-6.9268,4.3302
23,Low,Inclusive,27,-6.9213,4.0549
23,Low,Inclusive,28,-6.9656,4.2928
23,Low,Inclusive,29,-6.9869,3.8027
23,Low,Inclusive,30,-6.9639,4.6625
23,Low,Inclusive,31,-7.042,4.0744
23,Low,Inclusive,32,-6.932,4.2825
23,Low,Inclusive,33,-6.8091,3.9684
23,Low,Inclusive,34,-6.8783,4.3381
23,Low,Inclusive,35,-7.0093,4.2877
23,Low,Inclusive,36,-6.8336,4.3945
23,Low,Inclusive,37,-7.1595,4.384
23,Low,Inclusive,38,-6.9977,4.2346
23,Low,Inclusive,39,-6.977,4.19
23,Low,Inclusive,40,-6.8092,4.2033
24,Low,Generic,1,-3.4359,1.1393
24,Low,Generic,2,-3.2412,1.4638
24,Low,Generic,3,-3.1775,1.0479
24,Low,Generic,4,-2.8952,1.271
24,Low,Generic,5,-3.0767,1.1877
24,Low,Generic,6,-3.188,1.3859
24,Low,Generic,7,-3.0853,1.4295
24,Low,Generic,8,-3.1372,1.155
24,Low,Generic,9,-3.3538,1.2845
24,Low,Generic,10,-3.128,1.1735
24,Low,Generic,11,-3.1082,1.5085
24,Low,Generic,12,-3.4054,1.0506
24,Low,Generic,13,-3.2891,1.2795
24,Low,Generic,14,-3.3467,1.4884
24,Low,Generic,15,-3.2044,1.2259
24,Low,Generic,16,-3.4834,0.9548
24,Low,Generic,17,-3.2258,0.7915
24,Low,Generic,18,-3.1161,1.1864
24,Low,Generic,19,-2.7815,1.6796
24,Low,Generic,20,-3.2952,1.1967
24,Low,Generic,21,-3.1187,1.5586
24,Low,Generic,22,-3.5137,0.8607
24,Low,Generic,23,-3.3613,1.3345
24,Low,Generic,24,-3.1935,1.432
24,Low,Generic,25,-3.448,0.7548
24,Low,Generic,26,-3.1393,1.0524
24,Low,Generic,27,-3.5708,1.247
24,Low,Generic,28,-3.149,1.1936
24,Low,Generic,29,-3.3367,1.1861
24,Low,Generic,30,-3.3236,0.9484
24,Low,Generic,31,-3.3752,1.3223
24,Low,Generic,32,-3.2197,1.2516
24,Low,Generic,33,-3.4173,1.1817
24,Low,Generic,34,-3.5946,1.2537
24,Low,Generic,35,-3.0537,0.9232
24,Low,Generic,36,-3.3559,1.2838
24,Low,Generic,37,-3.0801,1.1284
24,Low,Generic,38,-3.3718,0.8242
24,Low,Generic,39,-3.2525,1.6264
24,Low,Generic,40,-3.2264,1.2135
24,Low,Inclusive,1,-6.9397,4.2178
24,Low,Inclusive,2,-7.11,4.3847
24,Low,Inclusive,3,-6.9541,4.2235
24,Low,Inclusive,4,-7.1343,4.4807
24,Low,Inclusive,5,-6.8883,4.1094
24,Low,Inclusive,6,-6.8377,4.1205
24,Low,Inclusive,7,-7.1053,4.0681
24,Low,Inclusive,8,-7.2537,4.3143
24,Low,Inclusive,9,-7.2627,3.9743
24,Low,Inclusive,10,-7.2993,4.2028
24,Low,Inclusive,11,-7.0105,4.1547
24,Low,Inclusive,12,-7.1444,3.9856
24,Low,Inclusive,13,-6.9183,4.1099
24,Low,Inclusive,14,-6.9405,4.043
24,Low,Inclusive,15,-6.9608,4.4807
24,Low,Inclusive,16,-6.9001,4.1375
24,Low,Inclusive,17,-6.9494,4.1719
24,Low,Inclusive,18,-6.9868,4.1549
24,Low,Inclusive,19,-7.0127,4.2624
24,Low,Inclusive,20,-7.137,4.0168
24,Low,Inclusive,21,-7.1963,3.8999
24,Low,Inclusive,22,-7.1706,4.2519
24,Low,Inclusive,23,-7.1219,4.3227
24,Low,Inclusive,24,-6.9828,3.8263
24,Low,Inclusive,25,-6.8898,4.3822
24,Low,Inclusive,26,-7.1371,4.304
24,Low,Inclusive,27,-7.1165,4.2395
24,Low,Inclusive,28,-7.1777,3.8614
24,Low,Inclusive,29,-7.0454,4.1953
24,Low,Inclusive,30,-7.0477,3.9832
24,Low,Inclusive,31,-7.048,4.2739
24,Low,Inclusive,32,-6.9947,4.2565
24,Low,Inclusive,33,-7.0885,4.4543
24,Low,Inclusive,34,-7.1644,4.3175
24,Low,Inclusive,35,-6.8107,4.3162
24,Low,Inclusive,36,-7.0184,4.1143
24,Low,Inclusive,37,-6.8326,3.9354
24,Low,Inclusive,38,-7.1335,4.1405
24,Low,Inclusive,39,-6.8024,4.296
24,Low,Inclusive,40,-7.1332,4.1579
25,Low,Generic,1,-3.3601,1.076
25,Low,Generic,2,-3.1212,0.9437
25,Low,Generic,3,-3.0267,1.3836
25,Low,Generic,4,-3.1044,1.1254
25,Low,Generic,5,-3.2905,0.9314
25,Low,Generic,6,-3.3467,1.3167
25,Low,Generic,7,-3.0736,0.9966
25,Low,Generic,8,-3.3228,1.1877
25,Low,Generic,9,-3.4774,1.3363
25,Low,Generic,10,-3.3766,1.1789
25,Low,Generic,11,-3.3358,1.0601
25,Low,Generic,12,-3.2691,1.1749
25,Low,Generic,13,-3.3238,1.0723
25,Low,Generic,14,-3.2201,1.5487
25,Low,Generic,15,-3.247,1.4172
25,Low,Generic,16,-3.4765,1.2496
25,Low,Generic,17,-3.4326,0.9226
25,Low,Generic,18,-3.3789,1.4564
25,Low,Generic,19,-3.1255,1.2666
25,Low,Generic,20,-3.4979,1.1787
25,Low,Generic,21,-3.2227,1.2531
25,Low,Generic,22,-3.5446,1.0399
25,Low,Generic,23,-3.2776,1.3253
25,Low,Generic,24,-3.5974,1.1856
25,Low,Generic,25,-3.2465,1.3879
25,Low,Generic,26,-3.1641,1.3345
25,Low,Generic,27,-3.388,0.8364
25,Low,Generic,28,-3.327,1.4183
25,Low,Generic,29,-3.059,1.3601
25,Low,Generic,30,-3.2036,1.2939
25,Low,Generic,31,-3.3514,1.192
25,Low,Generic,32,-3.0176,1.0295
25,Low,Generic,33,-3.0258,1.1536
25,Low,Generic,34,-3.0692,0.9366
25,Low,Generic,35,-3.1801,1.0706
25,Low,Generic,36,-3.4803,1.2617
25,Low,Generic,37,-3.1166,1.049
25,Low,Generic,38,-3.4929,1.1996
25,Low,Generic,39,-3.2811,1.3277
25,Low,Generic,40,-3.1256,1.2061
25,Low,Inclusive,1,-6.7097,4.2648
25,Low,Inclusive,2,-7.04,3.8977
25,Low,Inclusive,3,-7.0274,4.1527
25,Low,Inclusive,4,-6.844,4.3125
25,Low,Inclusive,5,-7.1649,4.2545
25,Low,Inclusive,6,-6.8873,4.5256
25,Low,Inclusive,7,-6.8549,4.3722
25,Low,Inclusive,8,-6.979,4.2977
25,Low,Inclusive,9,-6.8006,3.9534
25,Low,Inclusive,10,-7.0404,4.0655
25,Low,Inclusive,11,-6.9311,4.466
25,Low,Inclusive,12,-7.0775,3.7419
25,Low,Inclusive,13,-7.0498,4.4027
25,Low,Inclusive,14,-6.9074,4.3056
25,Low,Inclusive,15,-7.03,3.9642
25,Low,Inclusive,16,-6.9107,4.0531
25,Low,Inclusive,17,-6.6604,4.3341
25,Low,Inclusive,18,-7.0751,4.0977
25,Low,Inclusive,19,-7.0019,4.1721
25,Low,Inclusive,20,-6.8205,4.2573
25,Low,Inclusive,21,-7.0977,4.5981
25,Low,Inclusive,22,-6.9806,4.3738
25,Low,Inclusive,23,-7.0792,4.2926
25,Low,Inclusive,24,-6.9413,3.8421
25,Low,Inclusive,25,-6.6857,4.4781
25,Low,Inclusive,26,-7.0476,3.9995
25,Low,Inclusive,27,-6.9359,4.2373
25,Low,Inclusive,28,-6.9346,4.2583
25,Low,Inclusive,29,-6.9121,4.5095
25,Low,Inclusive,30,-6.9028,4.0101
25,Low,Inclusive,31,-6.7836,4.5481
25,Low,Inclusive,32,-6.5152,3.9953
25,Low,Inclusive,33,-6.9516,3.8036
25,Low,Inclusive,34,-6.905,4.1104
25,Low,Inclusive,35,-6.6995,4.0651
25,Low,Inclusive,36,-7.2414,4.1257
25,Low,Inclusive,37,-7.2843,4.3702
25,Low,Inclusive,38,-7.2978,4.2257
25,Low,Inclusive,39,-7.2997,4.1559
25,Low,Inclusive,40,-6.7415,4.2921
26,Low,Generic,1,-3.3975,1.2118
26,Low,Generic,2,-3.2653,1.3125
26,Low,Generic,3,-3.473,1.3365
26,Low,Generic,4,-3.6737,1.092
26,Low,Generic,5,-3.3412,1.3447
26,Low,Generic,6,-3.2646,0.9369
26,Low,Generic,7,-3.4157,1.2577
26,Low,Generic,8,-3.2799,1.1022
26,Low,Generic,9,-3.3401,1.3572
26,Low,Generic,10,-3.3457,1.2004
26,Low,Generic,11,-2.9425,0.9333
26,Low,Generic,12,-3.5458,1.3747
26,Low,Generic,13,-3.3698,1.1544
26,Low,Generic,14,-3.3852,1.166
26,Low,Generic,15,-3.0282,1.3784
26,Low,Generic,16,-3.1387,0.9348
26,Low,Generic,17,-3.4407,0.6502
26,Low,Generic,18,-3.3894,1.4093
26,Low,Generic,19,-3.1905,1.1737
26,Low,Generic,20,-3.2713,1.0802
26,Low,Generic,21,-3.2373,1.3712
26,Low,Generic,22,-3.5104,1.2779
26,Low,Generic,23,-3.1281,1.135
26,Low,Generic,24,-3.1629,1.7809
26,Low,Generic,25,-3.2837,1.2967
26,Low,Generic,26,-3.3787,1.2543
26,Low,Generic,27,-3.199,1.257
26,Low,Generic,28,-3.421,1.2593
26,Low,Generic,29,-3.0487,1.3077
26,Low,Generic,30,-3.1237,1.1706
26,Low,Generic,31,-3.1555,1.2739
26,Low,Generic,32,-3.4106,1.2817
26,Low,Generic,33,-3.4168,1.0914
26,Low,Generic,34,-3.2396,1.2774
26,Low,Generic,35,-3.4464,1.4288
26,Low,Generic,36,-3.1822,1.0771
26,Low,Generic,37,-3.4986,1.189
26,Low,Generic,38,-3.3349,1.2406
26,Low,Generic,39,-3.3225,0.8165
26,Low,Generic,40,-3.3263,1.1569
26,Low,Inclusive,1,-6.893,4.0804
26,Low,Inclusive,2,-6.7362,3.8377
26,Low,Inclusive,3,-6.7913,4.1751
26,Low,Inclusive,4,-6.8591,4.236
26,Low,Inclusive,5,-6.8171,4.1425
26,Low,Inclusive,6,-7.1528,4.5041
26,Low,Inclusive,7,-7.005,4.2643
26,Low,Inclusive,8,-6.8028,4.0136
26,Low,Inclusive,9,-6.8987,4.102
26,Low,Inclusive,10,-7.0078,4.2345
26,Low,Inclusive,11,-7.213,4.0642
26,Low,Inclusive,12,-6.7853,4.3972
26,Low,Inclusive,13,-6.9974,4.2686
26,Low,Inclusive,14,-7.0321,4.4913
26,Low,Inclusive,15,-7.0181,4.2664
26,Low,Inclusive,16,-6.8161,4.0645
26,Low,Inclusive,17,-6.7542,3.9139
26,Low,Inclusive,18,-6.7436,4.1455
26,Low,Inclusive,19,-7.0244,3.842
26,Low,Inclusive,20,-7.0562,4.012
26,Low,Inclusive,21,-7.0791,4.1925
26,Low,Inclusive,22,-6.8443,4.2615
26,Low,Inclusive,23,-6.9418,4.0009
26,Low,Inclusive,24,-7.1201,4.5797
26,Low,Inclusive,25,-7.0983,4.5512
26,Low,Inclusive,26,-7.0245,4.2205
26,Low,Inclusive,27,-6.8274,4.4744
26,Low,Inclusive,28,-7.0046,4.1424
26,Low,Inclusive,29,-6.9964,4.2876
26,Low,Inclusive,30,-6.8543,4.2208
26,Low,Inclusive,31,-6.8952,4.5477
26,Low,Inclusive,32,-6.9308,4.2823
26,Low,Inclusive,33,-7.2158,3.6939
26,Low,Inclusive,34,-6.9297,4.201
26,Low,Inclusive,35,-7.0652,4.2687
26,Low,Inclusive,36,-6.9971,4.4456
26,Low,Inclusive,37,-6.9751,4.0706
26,Low,Inclusive,38,-6.8395,4.1766
26,Low,Inclusive,39,-6.909,4.1245
26,Low,Inclusive,40,-7.0855,4.2368
27,Low,Generic,1,-3.2661,1.314
27,Low,Generic,2,-3.3083,0.8507
27,Low,Generic,3,-3.3329,1.3768
27,Low,Generic,4,-3.3126,1.1687
27,Low,Generic,5,-3.12,1.0756
27,Low,Generic,6,-3.4994,1.1859
27,Low,Generic,7,-3.3406,1.0248
27,Low,Generic,8,-3.2943,1.3163
27,Low,Generic,9,-3.2694,1.2794
27,Low,Generic,10,-2.996,1.1494
27,Low,Generic,11,-3.2262,1.1162
27,Low,Generic,12,-3.395,1.101
27,Low,Generic,13,-3.3398,1.2899
27,Low,Generic,14,-2.9156,1.0748
27,Low,Generic,15,-3.3305,1.2054
27,Low,Generic,16,-3.2086,1.2707
27,Low,Generic,17,-3.0754,0.7327
27,Low,Generic,18,-3.626,1.1188
27,Low,Generic,19,-3.1034,0.9049
27,Low,Generic,20,-3.7191,1.3322
27,Low,Generic,21,-3.2315,1.0
27,Low,Generic,22,-3.4158,1.0241
27,Low,Generic,23,-3.2514,1.0927
27,Low,Generic,24,-3.1939,0.6471
27,Low,Generic,25,-3.3965,0.9928
27,Low,Generic,26,-3.3065,1.1104
27,Low,Generic,27,-3.1483,0.8461
27,Low,Generic,28,-3.2612,1.3297
27,Low,Generic,29,-2.9895,1.1216
27,Low,Generic,30,-3.2193,0.8572
27,Low,Generic,31,-3.6268,1.387
27,Low,Generic,32,-3.2688,1.4537
27,Low,Generic,33,-3.474,1.322
27,Low,Generic,34,-2.9877,1.3019
27,Low,Generic,35,-3.2265,1.2197
27,Low,Generic,36,-3.5036,1.4891
27,Low,Generic,37,-3.3596,1.3189
27,Low,Generic,38,-3.5025,0.9821
27,Low,Generic,39,-3.0527,1.1485
27,Low,Generic,40,-3.05,1.2024
27,Low,Inclusive,1,-7.2643,4.3984
27,Low,Inclusive,2,-7.0765,4.3597
27,Low,Inclusive,3,-6.9842,3.9114
27,Low,Inclusive,4,-6.9634,4.6592
27,Low,Inclusive,5,-6.9141,4.2085
27,Low,Inclusive,6,-6.8267,4.2621
27,Low,Inclusive,7,-6.9566,4.0017
27,Low,Inclusive,8,-6.9529,4.4271
27,Low,Inclusive,9,-7.1134,4.5049
27,Low,Inclusive,10,-7.0018,4.0424
27,Low,Inclusive,11,-6.8384,4.1626
27,Low,Inclusive,12,-6.8741,4.1616
27,Low,Inclusive,13,-6.997,4.3187
27,Low,Inclusive,14,-6.9444,3.8209
27,Low,Inclusive,15,-7.1562,4.4059
27,Low,Inclusive,16,-7.0078,4.1153
27,Low,Inclusive,17,-7.1918,4.0041
27,Low,Inclusive,18,-7.2913,4.1997
27,Low,Inclusive,19,-7.0778,4.0267
27,Low,Inclusive,20,-6.9982,4.2928
27,Low,Inclusive,21,-6.674,3.9176
27,Low,Inclusive,22,-6.8141,4.4146
27,Low,Inclusive,23,-7.1049,4.2606
27,Low,Inclusive,24,-7.0566,4.2571
27,Low,Inclusive,25,-6.7616,4.3411
27,Low,Inclusive,26,-6.9117,4.1339
27,Low,Inclusive,27,-7.2106,4.1783
27,Low,Inclusive,28,-6.807,3.9146
27,Low,Inclusive,29,-7.1463,4.2453
27,Low,Inclusive,30,-7.1357,4.0615
27,Low,Inclusive,31,-7.0515,3.9469
27,Low,Inclusive,32,-7.1341,4.3607
27,Low,Inclusive,33,-7.1841,3.9004
27,Low,Inclusive,34,-7.0825,4.3664
27,Low,Inclusive,35,-7.0175,4.1271
27,Low,Inclusive,36,-6.9813,3.8709
27,Low,Inclusive,37,-6.9138,4.2967
27,Low,Inclusive,38,-7.0494,4.4212
27,Low,Inclusive,39,-7.1571,4.4456
27,Low,Inclusive,40,-6.9648,4.1527
28,Low,Generic,1,-3.271,1.1965
28,Low,Generic,2,-3.085,1.0027
28,Low,Generic,3,-3.3824,1.4253
28,Low,Generic,4,-3.3573,1.3981
28,Low,Generic,5,-3.0131,1.1376
28,Low,Generic,6,-3.1658,0.9873
28,Low,Generic,7,-3.1548,1.2579
28,Low,Generic,8,-3.197,1.0889
28,Low,Generic,9,-3.5172,1.3187
28,Low,Generic,10,-3.5775,1.1545
28,Low,Generic,11,-3.1268,1.2564
28,Low,Generic,12,-2.9757,1.423
28,Low,Generic,13,-3.3661,1.2235
28,Low,Generic,14,-3.2751,0.9016
28,Low,Generic,15,-3.4091,1.1058
28,Low,Generic,16,-3.5734,1.2275
28,Low,Generic,17,-3.3054,0.8834
28,Low,Generic,18,-3.2074,1.3612
28,Low,Generic,19,-3.2339,1.1532
28,Low,Generic,20,-3.1793,1.354
28,Low,Generic,21,-3.2219,1.0531
28,Low,Generic,22,-3.2265,1.4571
28,Low,Generic,23,-3.3575,1.6376
28,Low,Generic,24,-3.3468,1.2245
28,Low,Generic,25,-3.3689,1.2627
28,Low,Generic,26,-3.5293,1.1088
28,Low,Generic,27,-3.4318,1.2451
28,Low,Generic,28,-3.1188,1.3472
28,Low,Generic,29,-3.6237,1.6264
28,Low,Generic,30,-3.2237,1.0627
28,Low,Generic,31,-3.2444,1.2532
28,Low,Generic,32,-3.368,1.2576
28,Low,Generic,33,-3.3591,1.1371
28,Low,Generic,34,-3.3709,0.9315
28,Low,Generic,35,-3.2461,1.3351
28,Low,Generic,36,-3.1908,1.382
28,Low,Generic,37,-3.2193,1.1115
28,Low,Generic,38,-3.1421,0.9465
28,Low,Generic,39,-3.4031,1.0252
28,Low,Generic,40,-3.106,1.4066
28,Low,Inclusive,1,-6.9149,4.4344
28,Low,Inclusive,2,-7.1199,4.2897
28,Low,Inclusive,3,-7.0068,4.3894
28,Low,Inclusive,4,-7.0053,4.143
28,Low,Inclusive,5,-6.9069,4.3952
28,Low,Inclusive,6,-7.0883,4.2078
28,Low,Inclusive,7,-7.1468,3.7204
28,Low,Inclusive,8,-6.9579,4.3418
28,Low,Inclusive,9,-6.9487,3.8301
28,Low,Inclusive,10,-7.0406,3.7763
28,Low,Inclusive,11,-6.7825,4.0028
28,Low,Inclusive,12,-6.7997,4.4092
28,Low,Inclusive,13,-7.1231,3.9934
28,Low,Inclusive,14,-6.9354,4.0511
28,Low,Inclusive,15,-6.9726,4.1234
28,Low,Inclusive,16,-7.2552,3.7739
28,Low,Inclusive,17,-6.954,4.1077
28,Low,Inclusive,18,-7.071,4.3592
28,Low,Inclusive,19,-6.812,4.1655
28,Low,Inclusive,20,-7.0391,4.32
28,Low,Inclusive,21,-7.1915,4.2646
28,Low,Inclusive,22,-6.9052,4.356
28,Low,Inclusive,23,-7.2785,4.0677
28,Low,Inclusive,24,-7.1197,4.24
28,Low,Inclusive,25,-6.9159,4.5193
28,Low,Inclusive,26,-7.0622,4.1205
28,Low,Inclusive,27,-6.8155,4.2793
28,Low,Inclusive,28,-6.7979,4.2777
28,Low,Inclusive,29,-7.1616,3.9534
28,Low,Inclusive,30,-7.2207,4.3524
28,Low,Inclusive,31,-6.8097,4.5899
28,Low,Inclusive,32,-6.8615,4.4526
28,Low,Inclusive,33,-7.075,3.9887
28,Low,Inclusive,34,-6.8605,4.3035
28,Low,Inclusive,35,-6.9719,4.2975
28,Low,Inclusive,36,-6.9395,4.4768
28,Low,Inclusive,37,-6.7938,4.3288
28,Low,Inclusive,38,-6.8611,4.3228
28,Low,Inclusive,39,-7.0572,4.3713
28,Low,Inclusive,40,-7.1972,4.4308
29,Low,Generic,1,-3.4472,1.2752
29,Low,Generic,2,-3.3948,1.3287
29,Low,Generic,3,-3.2731,0.899
29,Low,Generic,4,-3.2049,1.1024
29,Low,Generic,5,-3.1358,1.2183
29,Low,Generic,6,-3.2087,1.0265
29,Low,Generic,7,-3.3564,1.1263
29,Low,Generic,8,-3.1395,1.5535
29,Low,Generic,9,-3.3888,1.4334
29,Low,Generic,10,-3.5935,0.9792
29,Low,Generic,11,-3.4118,0.9475
29,Low,Generic,12,-3.5055,1.3006
29,Low,Generic,13,-3.3001,1.2939
29,Low,Generic,14,-3.1644,1.2711
29,Low,Generic,15,-3.1693,1.2041
29,Low,Generic,16,-3.446,1.4296
29,Low,Generic,17,-3.3564,1.0309
29,Low,Generic,18,-3.2947,1.0354
29,Low,Generic,19,-3.3306,1.2868
29,Low,Generic,20,-3.2157,1.0384
29,Low,Generic,21,-3.3412,1.4329
29,Low,Generic,22,-3.1935,1.633
29,Low,Generic,23,-3.091,1.4469
29,Low,Generic,24,-3.4762,1.3708
29,Low,Generic,25,-3.276,1.1078
29,Low,Generic,26,-3.2428,1.407
29,Low,Generic,27,-3.1929,1.0423
29,Low,Generic,28,-3.1566,1.0905
29,Low,Generic,29,-3.2355,1.1573
29,Low,Generic,30,-3.3008,1.3712
29,Low,Generic,31,-3.424,1.607
29,Low,Generic,32,-3.5412,1.0985
29,Low,Generic,33,-3.2125,1.3349
29,Low,Generic,34,-3.2831,1.2065
29,Low,Generic,35,-3.2064,1.1718
29,Low,Generic,36,-3.059,1.3859
29,Low,Generic,37,-3.1371,1.0248
29,Low,Generic,38,-3.2799,1.1579
29,Low,Generic,39,-3.4188,1.29
29,Low,Generic,40,-3.3486,1.3491
29,Low,Inclusive,1,-7.1485,4.5638
29,Low,Inclusive,2,-7.1224,4.2639
29,Low,Inclusive,3,-6.8692,4.1059
29,Low,Inclusive,4,-6.8601,3.9742
29,Low,Inclusive,5,-6.7702,4.2228
29,Low,Inclusive,6,-7.0775,4.1602
29,Low,Inclusive,7,-6.8667,4.1031
29,Low,Inclusive,8,-7.1004,4.1757
29,Low,Inclusive,9,-7.1645,4.5841
29,Low,Inclusive,10,-7.073,4.3863
29,Low,Inclusive,11,-6.9566,4.0231
29,Low,Inclusive,12,-6.9889,4.3768
29,Low,Inclusive,13,-7.0162,4.4586
29,Low,Inclusive,14,-6.8348,4.4038
29,Low,Inclusive,15,-7.0569,4.004
29,Low,Inclusive,16,-7.08,4.2592
29,Low,Inclusive,17,-6.9061,3.7857
29,Low,Inclusive,18,-6.9892,4.2516
29,Low,Inclusive,19,-7.0296,4.4783
29,Low,Inclusive,20,-6.9247,4.482
29,Low,Inclusive,21,-7.0204,4.4075
29,Low,Inclusive,22,-6.7427,4.4823
29,Low,Inclusive,23,-7.1518,4.1693
29,Low,Inclusive,24,-7.0398,4.3179
29,Low,Inclusive,25,-6.885,4.0522
29,Low,Inclusive,26,-6.9778,3.816
29,Low,Inclusive,27,-6.7717,4.1175
29,Low,Inclusive,28,-6.9796,4.1581
29,Low,Inclusive,29,-6.8161,3.6525
29,Low,Inclusive,30,-6.9905,4.1988
29,Low,Inclusive,31,-7.056,4.5652
29,Low,Inclusive,32,-7.1211,4.3744
29,Low,Inclusive,33,-6.9346,4.4723
29,Low,Inclusive,34,-7.0881,4.0734
29,Low,Inclusive,35,-6.8236,4.3051
29,Low,Inclusive,36,-7.2197,4.1121
29,Low,Inclusive,37,-6.93,4.3876
29,Low,Inclusive,38,-7.0899,3.6371
29,Low,Inclusive,39,-6.9095,3.9759
29,Low,Inclusive,40,-7.2906,3.6535
30,Low,Generic,1,-3.1459,1.2437
30,Low,Generic,2,-3.3018,1.4958
30,Low,Generic,3,-3.1724,1.5413
30,Low,Generic,4,-3.4769,1.2111
30,Low,Generic,5,-3.5105,1.1721
30,Low,Generic,6,-3.3053,1.3433
30,Low,Generic,7,-3.2612,1.3427
30,Low,Generic,8,-3.1625,1.649
30,Low,Generic,9,-3.3153,1.0298
30,Low,Generic,10,-3.2311,1.0575
30,Low,Generic,11,-3.0457,1.1614
30,Low,Generic,12,-3.3528,1.1237
30,Low,Generic,13,-3.1602,1.1865
30,Low,Generic,14,-3.3643,1.5511
30,Low,Generic,15,-3.3964,1.2251
30,Low,Generic,16,-3.1702,0.8917
30,Low,Generic,17,-3.196,1.007
30,Low,Generic,18,-3.1446,1.0255
30,Low,Generic,19,-3.1641,1.4392
30,Low,Generic,20,-3.1388,1.2683
30,Low,Generic,21,-3.3027,1.1027
30,Low,Generic,22,-3.0473,1.0781
30,Low,Generic,23,-3.4236,1.3511
30,Low,Generic,24,-3.3874,1.028
30,Low,Generic,25,-3.4845,1.1214
30,Low,Generic,26,-3.2804,1.2666
30,Low,Generic,27,-3.1253,1.3234
30,Low,Generic,28,-3.2966,1.1784
30,Low,Generic,29,-3.1915,1.4725
30,Low,Generic,30,-3.2491,1.1242
30,Low,Generic,31,-3.4169,0.929
30,Low,Generic,32,-3.1681,1.3336
30,Low,Generic,33,-3.1814,1.1923
30,Low,Generic,34,-3.057,1.1212
30,Low,Generic,35,-3.1247,1.2103
30,Low,Generic,36,-3.3593,1.3365
30,Low,Generic,37,-3.2066,1.2894
30,Low,Generic,38,-3.2558,1.2104
30,Low,Generic,39,-2.9097,1.4549
30,Low,Generic,40,-3.1596,1.2404
30,Low,Inclusive,1,-6.8369,4.3236
30,Low,Inclusive,2,-6.9841,4.1593
30,Low,Inclusive,3,-7.0001,3.5859
30,Low,Inclusive,4,-6.9564,4.1223
30,Low,Inclusive,5,-6.7491,4.2239
30,Low,Inclusive,6,-7.1663,4.21
30,Low,Inclusive,7,-7.1449,4.3147
30,Low,Inclusive,8,-6.9444,4.4116
30,Low,Inclusive,9,-7.1066,4.2268
30,Low,Inclusive,10,-7.1928,4.3603
30,Low,Inclusive,11,-6.9102,4.3192
30,Low,Inclusive,12,-6.9878,4.303
30,Low,Inclusive,13,-6.7473,4.163
30,Low,Inclusive,14,-6.9672,4.0028
30,Low,Inclusive,15,-7.1182,4.2396
30,Low,Inclusive,16,-6.8224,4.1687
30,Low,Inclusive,17,-7.0234,4.1386
30,Low,Inclusive,18,-7.0682,4.279
30,Low,Inclusive,19,-7.2126,4.4762
30,Low,Inclusive,20,-7.0878,4.3644
30,Low,Inclusive,21,-7.1785,4.3538
30,Low,Inclusive,22,-6.8872,4.2968
30,Low,Inclusive,23,-7.1372,4.2699
30,Low,Inclusive,24,-7.1655,4.1694
30,Low,Inclusive,25,-6.8336,4.3793
30,Low,Inclusive,26,-6.9857,4.025
30,Low,Inclusive,27,-6.8912,4.2239
30,Low,Inclusive,28,-7.336,4.3765
30,Low,Inclusive,29,-6.9916,4.4605
30,Low,Inclusive,30,-7.1523,3.5847
30,Low,Inclusive,31,-6.9461,4.2783
30,Low,Inclusive,32,-7.2416,4.0243
30,Low,Inclusive,33,-6.5747,4.1589
30,Low,Inclusive,34,-6.8784,4.0899
30,Low,Inclusive,35,-7.3015,4.1859
30,Low,Inclusive,36,-7.0278,4.14
30,Low,Inclusive,37,-7.0052,4.2729
30,Low,Inclusive,38,-7.0105,3.9672
30,Low,Inclusive,39,-6.9151,3.8301
30,Low,Inclusive,40,-7.2956,4.3678
31,Low,Generic,1,-3.1919,1.2065
31,Low,Generic,2,-3.4773,1.0764
31,Low,Generic,3,-3.3074,0.8988
31,Low,Generic,4,-3.3789,1.3485
31,Low,Generic,5,-3.0539,1.1341
31,Low,Generic,6,-3.1545,0.8352
31,Low,Generic,7,-3.1691,1.0572
31,Low,Generic,8,-3.2219,1.1684
31,Low,Generic,9,-3.0699,1.0431
31,Low,Generic,10,-3.1739,1.1621
31,Low,Generic,11,-3.2917,1.1812
31,Low,Generic,12,-3.3949,1.2152
31,Low,Generic,13,-3.2774,1.2662
31,Low,Generic,14,-3.2553,1.3776
31,Low,Generic,15,-3.1295,1.0079
31,Low,Generic,16,-3.1377,0.9807
31,Low,Generic,17,-3.1798,1.3419
31,Low,Generic,18,-3.5547,1.2366
31,Low,Generic,19,-3.3383,1.0662
31,Low,Generic,20,-3.0654,1.0873
31,Low,Generic,21,-3.389,1.2331
31,Low,Generic,22,-3.1652,1.1897
31,Low,Generic,23,-3.093,1.3242
31,Low,Generic,24,-3.5947,1.1121
31,Low,Generic,25,-3.3523,1.3139
31,Low,Generic,26,-3.6617,1.7278
31,Low,Generic,27,-3.1883,1.2478
31,Low,Generic,28,-3.0908,1.6867
31,Low,Generic,29,-3.1374,1.4078
31,Low,Generic,30,-3.2484,1.1897
31,Low,Generic,31,-3.3394,1.0528
31,Low,Generic,32,-3.3711,0.9479
31,Low,Generic,33,-3.2794,0.8811
31,Low,Generic,34,-3.2394,1.2107
31,Low,Generic,35,-3.246,1.1136
31,Low,Generic,36,-2.8065,1.49
31,Low,Generic,37,-3.4547,1.2646
31,Low,Generic,38,-3.3592,1.0151
31,Low,Generic,39,-3.469,1.3044
31,Low,Generic,40,-3.3702,1.4116
31,Low,Inclusive,1,-6.8389,4.4948
31,Low,Inclusive,2,-7.1159,4.3151
31,Low,Inclusive,3,-6.8931,4.1252
31,Low,Inclusive,4,-7.1038,4.5419
31,Low,Inclusive,5,-6.9539,4.3472
31,Low,Inclusive,6,-7.1113,3.9761
31,Low,Inclusive,7,-7.0734,4.1952
31,Low,Inclusive,8,-7.1476,4.218
31,Low,Inclusive,9,-7.2413,3.996
31,Low,Inclusive,10,-6.8874,4.3408
31,Low,Inclusive,11,-7.0468,4.0164
31,Low,Inclusive,12,-7.1421,4.1453
31,Low,Inclusive,13,-6.8913,4.4056
31,Low,Inclusive,14,-7.0625,3.9893
31,Low,Inclusive,15,-6.9478,4.0553
31,Low,Inclusive,16,-7.0657,4.4851
31,Low,Inclusive,17,-6.8639,4.2516
31,Low,Inclusive,18,-7.1788,4.2623
31,Low,Inclusive,19,-6.8286,4.1449
31,Low,Inclusive,20,-6.7853,4.4785
31,Low,Inclusive,21,-6.7384,4.281
31,Low,Inclusive,22,-6.8999,4.5028
31,Low,Inclusive,23,-6.9209,4.1198
31,Low,Inclusive,24,-7.0553,4.2677
31,Low,Inclusive,25,-7.1816,4.1913
31,Low,Inclusive,26,-6.8235,3.7817
31,Low,Inclusive,27,-6.7578,4.4445
31,Low,Inclusive,28,-7.057,4.3287
31,Low,Inclusive,29,-6.9875,4.466
31,Low,Inclusive,30,-6.8406,3.94
31,Low,Inclusive,31,-6.8999,4.1789
31,Low,Inclusive,32,-6.9756,4.0744
31,Low,Inclusive,33,-6.7258,4.428
31,Low,Inclusive,34,-7.099,3.9531
31,Low,Inclusive,35,-7.0459,4.3069
31,Low,Inclusive,36,-6.952,4.4706
31,Low,Inclusive,37,-6.8695,4.4139
31,Low,Inclusive,38,-6.939,3.9421
31,Low,Inclusive,39,-7.0174,4.432
31,Low,Inclusive,40,-6.9957,4.3206
32,Low,Generic,1,-3.3158,1.012
32,Low,Generic,2,-3.2865,1.2798
32,Low,Generic,3,-3.3664,1.1709
32,Low,Generic,4,-3.4089,1.4418
32,Low,Generic,5,-3.3122,1.5086
32,Low,Generic,6,-3.0387,1.2018
32,Low,Generic,7,-3.4193,0.8008
32,Low,Generic,8,-3.4888,0.9432
32,Low,Generic,9,-3.0612,1.2412
32,Low,Generic,10,-3.2096,0.7739
32,Low,Generic,11,-3.4477,1.3954
32,Low,Generic,12,-3.225,1.1886
32,Low,Generic,13,-3.1833,1.5452
32,Low,Generic,14,-3.3012,1.2319
32,Low,Generic,15,-3.2391,1.6964
32,Low,Generic,16,-3.5829,1.3546
32,Low,Generic,17,-3.2852,1.3314
32,Low,Generic,18,-3.3666,1.2082
32,Low,Generic,19,-3.1613,1.8406
32,Low,Generic,20,-3.1468,1.0484
32,Low,Generic,21,-3.3316,1.1273
32,Low,Generic,22,-3.5373,1.152
32,Low,Generic,23,-3.1581,0.9632
32,Low,Generic,24,-3.1107,1.3156
32,Low,Generic,25,-3.3781,1.1897
32,Low,Generic,26,-3.0283,1.3647
32,Low,Generic,27,-3.2667,1.1705
32,Low,Generic,28,-3.2565,1.1156
32,Low,Generic,29,-3.5837,1.6264
32,Low,Generic,30,-3.2447,1.2976
32,Low,Generic,31,-3.2767,1.071
32,Low,Generic,32,-3.2959,0.8981
32,Low,Generic,33,-2.9264,0.9711
32,Low,Generic,34,-3.4228,1.1299
32,Low,Generic,35,-3.0748,1.2209
32,Low,Generic,36,-3.4534,1.4689
32,Low,Generic,37,-3.1583,1.3257
32,Low,Generic,38,-3.1606,1.6969
32,Low,Generic,39,-2.9402,1.0807
32,Low,Generic,40,-3.0244,1.2946
32,Low,Inclusive,1,-6.9131,3.8815
32,Low,Inclusive,2,-7.0136,4.0574
32,Low,Inclusive,3,-6.8638,4.4342
32,Low,Inclusive,4,-7.2992,4.2156
32,Low,Inclusive,5,-6.8197,4.1827
32,Low,Inclusive,6,-6.8786,4.2902
32,Low,Inclusive,7,-6.9368,4.1657
32,Low,Inclusive,8,-7.1705,3.9957
32,Low,Inclusive,9,-6.8816,4.2239
32,Low,Inclusive,10,-7.0088,4.1352
32,Low,Inclusive,11,-7.0338,4.4294
32,Low,Inclusive,12,-7.0383,3.9518
32,Low,Inclusive,13,-6.8765,4.179
32,Low,Inclusive,14,-6.9833,4.5415
32,Low,Inclusive,15,-6.9911,4.2778
32,Low,Inclusive,16,-7.1648,4.1761
32,Low,Inclusive,17,-6.8966,3.9089
32,Low,Inclusive,18,-6.9579,4.2402
32,Low,Inclusive,19,-6.9818,4.4274
32,Low,Inclusive,20,-6.9378,4.5156
32,Low,Inclusive,21,-7.137,4.2472
32,Low,Inclusive,22,-6.9753,4.0061
32,Low,Inclusive,23,-6.8446,4.6849
32,Low,Inclusive,24,-6.9906,4.321
32,Low,Inclusive,25,-6.9753,4.0773
32,Low,Inclusive,26,-7.2611,4.0788
32,Low,Inclusive,27,-7.1968,4.5608
32,Low,Inclusive,28,-7.0053,4.1508
32,Low,Inclusive,29,-6.8546,3.9956
32,Low,Inclusive,30,-7.103,4.2336
32,Low,Inclusive,31,-6.8337,4.3203
32,Low,Inclusive,32,-6.9508,4.2356
32,Low,Inclusive,33,-6.928,4.2603
32,Low,Inclusive,34,-7.1425,4.2292
32,Low,Inclusive,35,-7.1491,4.2362
32,Low,Inclusive,36,-7.0601,4.7279
32,Low,Inclusive,37,-6.994,3.9392
32,Low,Inclusive,38,-7.0081,4.3239
32,Low,Inclusive,39,-6.737,4.1021
32,Low,Inclusive,40,-7.2254,4.3834
33,Low,Generic,1,-3.4751,1.1308
33,Low,Generic,2,-3.3066,1.2041
33,Low,Generic,3,-3.1646,1.0813
33,Low,Generic,4,-3.3091,1.2151
33,Low,Generic,5,-3.2456,1.2376
33,Low,Generic,6,-3.2026,1.3868
33,Low,Generic,7,-3.2091,1.3087
33,Low,Generic,8,-3.5053,1.228
33,Low,Generic,9,-3.1961,1.3638
33,Low,Generic,10,-3.3719,1.0862
33,Low,Generic,11,-3.3541,1.3253
33,Low,Generic,12,-3.1129,1.1365
33,Low,Generic,13,-3.1318,1.2427
33,Low,Generic,14,-3.2866,1.1757
33,Low,Generic,15,-3.156,1.2831
33,Low,Generic,16,-2.9266,1.0476
33,Low,Generic,17,-3.1903,1.1122
33,Low,Generic,18,-3.3984,1.2158
33,Low,Generic,19,-3.2474,1.8016
33,Low,Generic,20,-3.2956,0.992
33,Low,Generic,21,-3.227,0.8031
33,Low,Generic,22,-3.2818,1.2212
33,Low,Generic,23,-3.1488,1.4127
33,Low,Generic,24,-3.3435,1.1879
33,Low,Generic,25,-3.3829,0.9924
33,Low,Generic,26,-3.2215,0.9633
33,Low,Generic,27,-3.3302,1.019
33,Low,Generic,28,-3.1855,1.5783
33,Low,Generic,29,-3.4632,0.8474
33,Low,Generic,30,-3.2867,1.2211
33,Low,Generic,31,-3.2352,1.1287
33,Low,Generic,32,-3.2981,1.2915
33,Low,Generic,33,-3.1119,0.827
33,Low,Generic,34,-3.3233,1.2608
33,Low,Generic,35,-3.4057,1.5642
33,Low,Generic,36,-3.3633,1.2097
33,Low,Generic,37,-3.1846,1.0997
33,Low,Generic,38,-3.545,1.1323
33,Low,Generic,39,-3.1136,1.1506
33,Low,Generic,40,-3.395,1.4031
33,Low,Inclusive,1,-7.0376,4.118
33,Low,Inclusive,2,-6.9656,4.3742
33,Low,Inclusive,3,-6.6307,4.3854
33,Low,Inclusive,4,-6.814,4.1188
33,Low,Inclusive,5,-7.1419,4.2325
33,Low,Inclusive,6,-6.9719,4.0043
33,Low,Inclusive,7,-7.0143,4.2999
33,Low,Inclusive,8,-6.9339,4.3209
33,Low,Inclusive,9,-6.9444,4.1186
33,Low,Inclusive,10,-7.0651,3.9802
33,Low,Inclusive,11,-6.7203,4.2227
33,Low,Inclusive,12,-7.0217,4.0342
33,Low,Inclusive,13,-6.5477,4.0053
33,Low,Inclusive,14,-7.0523,4.3032
33,Low,Inclusive,15,-6.898,4.4116
33,Low,Inclusive,16,-6.7169,4.3212
33,Low,Inclusive,17,-7.1464,4.1686
33,Low,Inclusive,18,-6.9418,4.6336
33,Low,Inclusive,19,-7.1977,4.4605
33,Low,Inclusive,20,-6.961,4.3876
33,Low,Inclusive,21,-7.0033,4.0515
33,Low,Inclusive,22,-6.8754,4.3509
33,Low,Inclusive,23,-6.8422,4.2173
33,Low,Inclusive,24,-7.078,3.9082
33,Low,Inclusive,25,-6.8651,4.3048
33,Low,Inclusive,26,-7.1329,4.1123
33,Low,Inclusive,27,-7.058,3.9234
33,Low,Inclusive,28,-7.1107,3.9932
33,Low,Inclusive,29,-7.0499,4.0723
33,Low,Inclusive,30,-7.2321,4.6245
33,Low,Inclusive,31,-6.8001,4.0642
33,Low,Inclusive,32,-6.9471,4.3035
33,Low,Inclusive,33,-6.8093,4.0563
33,Low,Inclusive,34,-6.8242,4.1104
33,Low,Inclusive,35,-7.1884,4.3648
33,Low,Inclusive,36,-6.7944,4.7376
33,Low,Inclusive,37,-7.168,4.3598
33,Low,Inclusive,38,-7.0495,4.3767
33,Low,Inclusive,39,-7.2086,3.9674
33,Low,Inclusive,40,-7.1044,4.2358
34,Low,Generic,1,-3.3642,1.3498
34,Low,Generic,2,-3.114,1.3379
34,Low,Generic,3,-3.0252,1.3012
34,Low,Generic,4,-3.4505,1.4907
34,Low,Generic,5,-3.3588,1.4001
34,Low,Generic,6,-3.0319,1.3093
34,Low,Generic,7,-3.4924,1.0344
34,Low,Generic,8,-3.0696,1.1842
34,Low,Generic,9,-3.2561,1.3698
34,Low,Generic,10,-3.1636,1.2738
34,Low,Generic,11,-3.2993,1.1555
34,Low,Generic,12,-3.1393,1.3287
34,Low,Generic,13,-3.3066,1.4344
34,Low,Generic,14,-3.2874,1.0477
34,Low,Generic,15,-3.3818,1.0223
34,Low,Generic,16,-3.3089,1.4647
34,Low,Generic,17,-3.3888,1.2557
34,Low,Generic,18,-3.3665,1.1659
34,Low,Generic,19,-3.4945,1.1739
34,Low,Generic,20,-3.2971,1.3261
34,Low,Generic,21,-3.2345,0.9783
34,Low,Generic,22,-3.1054,1.2601
34,Low,Generic,23,-3.2382,1.2162
34,Low,Generic,24,-3.3457,1.2616
34,Low,Generic,25,-3.1967,0.8686
34,Low,Generic,26,-3.3488,1.167
34,Low,Generic,27,-3.2296,1.4567
34,Low,Generic,28,-3.3838,1.1184
34,Low,Generic,29,-3.3449,1.0577
34,Low,Generic,30,-3.3201,1.3722
34,Low,Generic,31,-3.4261,1.3036
34,Low,Generic,32,-3.5233,1.1057
34,Low,Generic,33,-3.3174,1.553
34,Low,Generic,34,-3.3092,0.7778
34,Low,Generic,35,-3.5678,1.2248
34,Low,Generic,36,-3.1759,1.2931
34,Low,Generic,37,-3.2429,1.4505
34,Low,Generic,38,-3.3489,1.397
34,Low,Generic,39,-3.5128,1.037
34,Low,Generic,40,-3.5391,1.163
34,Low,Inclusive,1,-6.9949,4.2428
34,Low,Inclusive,2,-6.9787,4.0345
34,Low,Inclusive,3,-7.0165,3.9205
34,Low,Inclusive,4,-6.7835,4.1593
34,Low,Inclusive,5,-7.0613,4.5378
34,Low,Inclusive,6,-7.1743,3.9949
34,Low,Inclusive,7,-7.1524,4.2064
34,Low,Inclusive,8,-6.9233,4.3679
34,Low,Inclusive,9,-6.6022,3.7701
34,Low,Inclusive,10,-6.8967,4.1086
34,Low,Inclusive,11,-7.076,4.096
34,Low,Inclusive,12,-7.1243,4.5569
34,Low,Inclusive,13,-6.8617,4.2246
34,Low,Inclusive,14,-6.7853,3.9175
34,Low,Inclusive,15,-7.1876,3.7844
34,Low,Inclusive,16,-7.0929,4.2523
34,Low,Inclusive,17,-6.9726,4.2499
34,Low,Inclusive,18,-7.1997,4.3806
34,Low,Inclusive,19,-6.9521,4.3666
34,Low,Inclusive,20,-7.2719,4.2823
34,Low,Inclusive,21,-7.1662,4.1405
34,Low,Inclusive,22,-6.9078,4.2382
34,Low,Inclusive,23,-7.1157,4.2213
34,Low,Inclusive,24,-7.2177,4.4501
34,Low,Inclusive,25,-7.0188,4.4437
34,Low,Inclusive,26,-7.067,4.1153
34,Low,Inclusive,27,-7.1026,4.3952
34,Low,Inclusive,28,-7.0944,4.3489
34,Low,Inclusive,29,-7.0454,3.8248
34,Low,Inclusive,30,-7.0735,3.9842
34,Low,Inclusive,31,-6.9829,3.9819
34,Low,Inclusive,32,-6.8491,4.2018
34,Low,Inclusive,33,-7.0146,4.3512
34,Low,Inclusive,34,-6.8434,4.216
34,Low,Inclusive,35,-7.1037,3.8652
34,Low,Inclusive,36,-7.0909,4.0966
34,Low,Inclusive,37,-6.9719,4.151
34,Low,Inclusive,38,-6.8848,4.0974
34,Low,Inclusive,39,-6.9966,4.4568
34,Low,Inclusive,40,-6.9367,4.208
35,Low,Generic,1,-3.3583,1.0914
35,Low,Generic,2,-3.3956,1.1098
35,Low,Generic,3,-3.1547,1.1736
35,Low,Generic,4,-3.4705,1.5716
35,Low,Generic,5,-3.22,0.9366
35,Low,Generic,6,-3.3343,1.2402
35,Low,Generic,7,-3.0123,0.9964
35,Low,Generic,8,-3.1216,1.4979
35,Low,Generic,9,-3.3623,1.1625
35,Low,Generic,10,-3.4234,1.1773
35,Low,Generic,11,-3.2735,1.3499
35,Low,Generic,12,-3.1045,1.0684
35,Low,Generic,13,-3.5631,1.2138
35,Low,Generic,14,-3.224,1.2679
35,Low,Generic,15,-3.317,1.243
35,Low,Generic,16,-3.0407,1.2943
35,Low,Generic,17,-3.324,1.118
35,Low,Generic,18,-3.2935,1.5453
35,Low,Generic,19,-3.2955,1.214
35,Low,Generic,20,-3.3403,1.4378
35,Low,Generic,21,-2.974,1.3081
35,Low,Generic,22,-3.2556,1.2254
35,Low,Generic,23,-3.6256,1.367
35,Low,Generic,24,-3.2479,1.3037
35,Low,Generic,25,-3.3747,1.1411
35,Low,Generic,26,-3.3297,1.4223
35,Low,Generic,27,-3.3248,1.6345
35,Low,Generic,28,-3.2034,0.9629
35,Low,Generic,29,-3.2873,1.0877
35,Low,Generic,30,-3.5972,1.5379
35,Low,Generic,31,-3.1625,1.3246
35,Low,Generic,32,-3.2432,0.9416
35,Low,Generic,33,-3.3405,1.3864
35,Low,Generic,34,-3.4257,0.7116
35,Low,Generic,35,-3.3021,1.1896
35,Low,Generic,36,-3.2477,1.3637
35,Low,Generic,37,-3.1724,1.2698
35,Low,Generic,38,-3.0887,0.9142
35,Low,Generic,39,-3.1923,1.3433
35,Low,Generic,40,-3.4539,0.9174
35,Low,Inclusive,1,-7.0999,4.0877
35,Low,Inclusive,2,-6.875,4.0971
35,Low,Inclusive,3,-7.1165,4.0977
35,Low,Inclusive,4,-6.8202,4.2226
35,Low,Inclusive,5,-7.0149,4.198
35,Low,Inclusive,6,-6.7942,4.0702
35,Low,Inclusive,7,-6.7907,4.2621
35,Low,Inclusive,8,-7.0121,4.7202
35,Low,Inclusive,9,-7.1463,4.1493
35,Low,Inclusive,10,-7.1729,4.4105
35,Low,Inclusive,11,-6.7346,4.554
35,Low,Inclusive,12,-6.8044,4.1805
35,Low,Inclusive,13,-7.0428,3.8858
35,Low,Inclusive,14,-6.6826,4.3138
35,Low,Inclusive,15,-7.0618,4.4856
35,Low,Inclusive,16,-7.1339,4.3013
35,Low,Inclusive,17,-7.0139,4.3477
35,Low,Inclusive,18,-6.9975,3.9298
35,Low,Inclusive,19,-6.9767,4.4298
35,Low,Inclusive,20,-6.9924,4.375
35,Low,Inclusive,21,-7.1448,4.2147
35,Low,Inclusive,22,-7.0817,4.3694
35,Low,Inclusive,23,-6.9833,4.358
35,Low,Inclusive,24,-6.8248,4.3583
35,Low,Inclusive,25,-6.947,4.0204
35,Low,Inclusive,26,-6.9884,4.1134
35,Low,Inclusive,27,-7.0396,4.1451
35,Low,Inclusive,28,-7.135,3.8285
35,Low,Inclusive,29,-7.0882,4.2587
35,Low,Inclusive,30,-7.1902,4.2231
35,Low,Inclusive,31,-6.703,4.4246
35,Low,Inclusive,32,-6.7415,4.2982
35,Low,Inclusive,33,-6.8129,4.0752
35,Low,Inclusive,34,-7.0847,3.6722
35,Low,Inclusive,35,-6.8101,4.5281
35,Low,Inclusive,36,-7.071,4.1692
35,Low,Inclusive,37,-7.1011,4.2965
35,Low,Inclusive,38,-6.8193,3.8714
35,Low,Inclusive,39,-6.9266,4.1647
35,Low,Inclusive,40,-6.971,4.3118
36,Low,Generic,1,-3.2962,1.1973
36,Low,Generic,2,-3.3001,1.4121
36,Low,Generic,3,-3.2052,1.2621
36,Low,Generic,4,-3.4586,1.1423
36,Low,Generic,5,-3.1332,1.2255
36,Low,Generic,6,-3.1691,1.5713
36,Low,Generic,7,-3.1122,1.2366
36,Low,Generic,8,-3.3446,0.7073
36,Low,Generic,9,-3.2933,1.1528
36,Low,Generic,10,-3.2094,1.1872
36,Low,Generic,11,-3.3161,0.8621
36,Low,Generic,12,-3.409,1.3133
36,Low,Generic,13,-3.0106,1.1985
36,Low,Generic,14,-3.2188,1.4085
36,Low,Generic,15,-3.3896,1.2914
36,Low,Generic,16,-3.3791,1.391
36,Low,Generic,17,-3.2453,1.2777
36,Low,Generic,18,-3.3854,1.3594
36,Low,Generic,19,-2.9553,1.0164
36,Low,Generic,20,-3.319,1.2643
36,Low,Generic,21,-3.15,1.1061
36,Low,Generic,22,-3.693,1.4898
36,Low,Generic,23,-3.1539,0.8694
36,Low,Generic,24,-3.3591,1.5316
36,Low,Generic,25,-3.0508,1.4057
36,Low,Generic,26,-3.2944,1.2346
36,Low,Generic,27,-3.2876,1.4436
36,Low,Generic,28,-3.3994,1.0568
36,Low,Generic,29,-3.1165,1.2091
36,Low,Generic,30,-3.0612,1.0837
36,Low,Generic,31,-3.2762,1.0335
36,Low,Generic,32,-3.2669,0.9223
36,Low,Generic,33,-3.3411,0.9307
36,Low,Generic,34,-3.1639,1.3613
36,Low,Generic,35,-3.5275,1.4848
36,Low,Generic,36,-2.8934,1.2272
36,Low,Generic,37,-3.3642,1.7829
36,Low,Generic,38,-3.4658,1.222
36,Low,Generic,39,-3.2411,1.487
36,Low,Generic,40,-3.214,1.1183
36,Low,Inclusive,1,-7.1307,4.1516
36,Low,Inclusive,2,-7.139,4.2296
36,Low,Inclusive,3,-7.0726,3.9212
36,Low,Inclusive,4,-6.7997,4.1205
36,Low,Inclusive,5,-7.1782,4.1863
36,Low,Inclusive,6,-6.9777,3.8707
36,Low,Inclusive,7,-6.9383,4.0106
36,Low,Inclusive,8,-6.7313,4.3248
36,Low,Inclusive,9,-7.048,4.071
36,Low,Inclusive,10,-7.0037,4.3426
36,Low,Inclusive,11,-6.9918,4.1766
36,Low,Inclusive,12,-6.9792,4.0992
36,Low,Inclusive,13,-7.0395,3.8028
36,Low,Inclusive,14,-6.8419,4.2798
36,Low,Inclusive,15,-7.104,4.5997
36,Low,Inclusive,16,-6.9749,4.0128
36,Low,Inclusive,17,-6.8595,4.2996
36,Low,Inclusive,18,-6.9288,4.1348
36,Low,Inclusive,19,-6.9204,4.1676
36,Low,Inclusive,20,-6.9046,3.839
36,Low,Inclusive,21,-7.0531,4.5644
36,Low,Inclusive,22,-7.1031,4.0992
36,Low,Inclusive,23,-7.0552,3.977
36,Low,Inclusive,24,-7.3192,4.1739
36,Low,Inclusive,25,-6.9676,4.2095
36,Low,Inclusive,26,-7.0097,4.2286
36,Low,Inclusive,27,-6.8346,4.1819
36,Low,Inclusive,28,-7.0741,4.1638
36,Low,Inclusive,29,-6.9011,4.5024
36,Low,Inclusive,30,-7.0822,4.2398
36,Low,Inclusive,31,-6.9372,4.0215
36,Low,Inclusive,32,-6.9849,3.9269
36,Low,Inclusive,33,-7.2534,4.2933
36,Low,Inclusive,34,-7.0456,4.2605
36,Low,Inclusive,35,-6.9907,4.0247
36,Low,Inclusive,36,-6.9948,3.9734
36,Low,Inclusive,37,-6.7794,3.9488
36,Low,Inclusive,38,-7.0174,4.0115
36,Low,Inclusive,39,-6.9024,4.1537
36,Low,Inclusive,40,-7.0658,4.3906
37,Low,Generic,1,-3.2636,1.3213
37,Low,Generic,2,-3.4152,0.937
37,Low,Generic,3,-3.2519,1.1542
37,Low,Generic,4,-3.174,1.202
37,Low,Generic,5,-3.2372,0.8933
37,Low,Generic,6,-2.9847,1.1852
37,Low,Generic,7,-3.1634,1.0508
37,Low,Generic,8,-3.2218,0.9574
37,Low,Generic,9,-3.2002,1.1468
37,Low,Generic,10,-3.2636,1.3576
37,Low,Generic,11,-3.4529,1.0811
37,Low,Generic,12,-3.1994,1.6376
37,Low,Generic,13,-3.2887,1.3362
37,Low,Generic,14,-3.284,1.6064
37,Low,Generic,15,-3.5301,1.2369
37,Low,Generic,16,-3.5118,0.7167
37,Low,Generic,17,-3.2234,1.2459
37,Low,Generic,18,-3.3107,1.1968
37,Low,Generic,19,-2.8033,1.1664
37,Low,Generic,20,-3.1915,1.0881
37,Low,Generic,21,-3.2237,1.1704
37,Low,Generic,22,-3.3296,1.5818
37,Low,Generic,23,-3.0914,1.2453
37,Low,Generic,24,-3.6136,1.1458
37,Low,Generic,25,-2.8625,1.1719
37,Low,Generic,26,-3.1025,1.5064
37,Low,Generic,27,-3.2352,1.0496
37,Low,Generic,28,-3.6333,1.3548
37,Low,Generic,29,-3.3902,1.2532
37,Low,Generic,30,-3.4555,1.165
37,Low,Generic,31,-3.2629,1.2717
37,Low,Generic,32,-3.4352,1.4574
37,Low,Generic,33,-3.3575,0.8831
37,Low,Generic,34,-3.2844,1.2249
37,Low,Generic,35,-3.2439,1.4904
37,Low,Generic,36,-3.3035,1.1941
37,Low,Generic,37,-3.4335,1.3821
37,Low,Generic,38,-3.2404,1.134
37,Low,Generic,39,-3.5537,1.5069
37,Low,Generic,40,-3.4522,1.0997
37,Low,Inclusive,1,-6.9342,3.9807
37,Low,Inclusive,2,-7.212,3.7952
37,Low,Inclusive,3,-6.8799,4.111
37,Low,Inclusive,4,-6.5489,4.0211
37,Low,Inclusive,5,-7.1262,4.1069
37,Low,Inclusive,6,-6.9515,4.126
37,Low,Inclusive,7,-6.8962,4.0243
37,Low,Inclusive,8,-7.1952,3.8604
37,Low,Inclusive,9,-7.3215,4.1164
37,Low,Inclusive,10,-7.0331,4.0937
37,Low,Inclusive,11,-6.8015,4.4656
37,Low,Inclusive,12,-7.0382,3.8612
37,Low,Inclusive,13,-7.073,4.1
37,Low,Inclusive,14,-7.0866,4.0805
37,Low,Inclusive,15,-7.086,4.1427
37,Low,Inclusive,16,-7.0833,4.2617
37,Low,Inclusive,17,-6.9339,4.0379
37,Low,Inclusive,18,-6.7973,4.024
37,Low,Inclusive,19,-7.2307,4.2962
37,Low,Inclusive,20,-7.1106,4.2843
37,Low,Inclusive,21,-7.3486,4.4985
37,Low,Inclusive,22,-6.8872,3.9199
37,Low,Inclusive,23,-7.2098,4.5545
37,Low,Inclusive,24,-7.0986,4.0532
37,Low,Inclusive,25,-7.3279,4.1498
37,Low,Inclusive,26,-7.0222,4.3631
37,Low,Inclusive,27,-7.1979,3.9159
37,Low,Inclusive,28,-6.9204,4.4213
37,Low,Inclusive,29,-7.2237,4.4363
37,Low,Inclusive,30,-6.9824,4.4384
37,Low,Inclusive,31,-6.9985,3.7155
37,Low,Inclusive,32,-7.0108,4.432
37,Low,Inclusive,33,-7.1221,4.1424
37,Low,Inclusive,34,-7.0144,3.6401
37,Low,Inclusive,35,-6.7373,4.0397
37,Low,Inclusive,36,-6.9121,4.2027
37,Low,Inclusive,37,-6.7994,4.3012
37,Low,Inclusive,38,-7.0232,4.0413
37,Low,Inclusive,39,-6.8683,3.8453
37,Low,Inclusive,40,-6.8911,4.0002
38,Low,Generic,1,-3.0802,1.2503
38,Low,Generic,2,-3.1714,1.2344
38,Low,Generic,3,-3.5309,1.0459
38,Low,Generic,4,-3.1671,1.2513
38,Low,Generic,5,-3.0909,1.2987
38,Low,Generic,6,-3.413,1.0588
38,Low,Generic,7,-3.2526,0.7552
38,Low,Generic,8,-3.017,1.3063
38,Low,Generic,9,-3.0839,0.9019
38,Low,Generic,10,-3.0813,1.6643
38,Low,Generic,11,-3.4661,1.3723
38,Low,Generic,12,-3.2678,0.9091
38,Low,Generic,13,-3.1941,1.3847
38,Low,Generic,14,-3.3582,1.4512
38,Low,Generic,15,-3.518,0.919
38,Low,Generic,16,-3.2475,1.2231
38,Low,Generic,17,-3.3755,1.3799
38,Low,Generic,18,-3.1884,1.3896
38,Low,Generic,19,-3.2865,1.3385
38,Low,Generic,20,-3.3348,1.6288
38,Low,Generic,21,-3.3899,1.6391
38,Low,Generic,22,-3.2628,0.9429
38,Low,Generic,23,-3.0628,1.2432
38,Low,Generic,24,-3.1403,1.4628
38,Low,Generic,25,-3.2173,1.0996
38,Low,Generic,26,-3.1216,1.2182
38,Low,Generic,27,-3.1651,0.7873
38,Low,Generic,28,-3.201,1.0903
38,Low,Generic,29,-3.02,1.3426
38,Low,Generic,30,-3.232,1.3153
38,Low,Generic,31,-3.4178,1.5427
38,Low,Generic,32,-2.9693,1.2966
38,Low,Generic,33,-3.0294,1.1042
38,Low,Generic,34,-3.3876,1.2262
38,Low,Generic,35,-3.2028,1.1392
38,Low,Generic,36,-3.1873,1.2793
38,Low,Generic,37,-3.4177,1.3218
38,Low,Generic,38,-3.1385,1.2523
38,Low,Generic,39,-3.0951,0.9745
38,Low,Generic,40,-3.1978,0.9839
38,Low,Inclusive,1,-7.1551,4.0938
38,Low,Inclusive,2,-7.1293,4.1104
38,Low,Inclusive,3,-7.0201,4.3874
38,Low,Inclusive,4,-7.0362,3.9029
38,Low,Inclusive,5,-6.817,4.0526
38,Low,Inclusive,6,-6.9968,4.3093
38,Low,Inclusive,7,-6.9581,4.4388
38,Low,Inclusive,8,-6.9161,4.0477
38,Low,Inclusive,9,-6.6612,4.2589
38,Low,Inclusive,10,-7.0101,4.4128
38,Low,Inclusive,11,-6.9506,4.2998
38,Low,Inclusive,12,-6.6142,4.165
38,Low,Inclusive,13,-7.0357,4.2433
38,Low,Inclusive,14,-6.8273,3.9187
38,Low,Inclusive,15,-7.2828,4.1026
38,Low,Inclusive,16,-7.2331,4.135
38,Low,Inclusive,17,-6.9126,4.0419
38,Low,Inclusive,18,-7.202,4.2339
38,Low,Inclusive,19,-6.8586,3.881
38,Low,Inclusive,20,-6.865,4.3835
38,Low,Inclusive,21,-6.8449,4.4637
38,Low,Inclusive,22,-6.6577,4.1488
38,Low,Inclusive,23,-6.9716,4.1367
38,Low,Inclusive,24,-6.9877,4.5266
38,Low,Inclusive,25,-7.1898,4.0478
38,Low,Inclusive,26,-6.7814,4.424
38,Low,Inclusive,27,-7.0425,4.3909
38,Low,Inclusive,28,-6.9368,4.5201
38,Low,Inclusive,29,-6.9768,4.4251
38,Low,Inclusive,30,-6.5917,4.3396
38,Low,Inclusive,31,-6.9806,4.3645
38,Low,Inclusive,32,-7.0428,4.6976
38,Low,Inclusive,33,-6.961,4.1654
38,Low,Inclusive,34,-7.1134,4.4394
38,Low,Inclusive,35,-6.8579,4.1205
38,Low,Inclusive,36,-6.9015,3.9183
38,Low,Inclusive,37,-6.9603,4.3106
38,Low,Inclusive,38,-6.7319,4.0658
38,Low,Inclusive,39,-7.1798,4.0409
38,Low,Inclusive,40,-7.1885,4.4873
39,Low,Generic,1,-3.0357,1.282
39,Low,Generic,2,-3.0848,1.2448
39,Low,Generic,3,-3.2823,1.1514
39,Low,Generic,4,-3.3146,0.9084
39,Low,Generic,5,-3.2284,1.2099
39,Low,Generic,6,-3.1562,1.2367
39,Low,Generic,7,-3.2924,1.0438
39,Low,Generic,8,-3.2572,1.3656
39,Low,Generic,9,-3.4395,1.2355
39,Low,Generic,10,-3.233,1.0744
39,Low,Generic,11,-3.3562,1.2641
39,Low,Generic,12,-3.438,1.288
39,Low,Generic,13,-3.4023,1.4306
39,Low,Generic,14,-2.9173,1.0458
39,Low,Generic,15,-3.1879,1.0727
39,Low,Generic,16,-3.1119,0.9649
39,Low,Generic,17,-3.1959,1.0434
39,Low,Generic,18,-3.299,1.0118
39,Low,Generic,19,-3.1446,1.0506
39,Low,Generic,20,-3.1852,1.1492
39,Low,Generic,21,-3.2852,1.2476
39,Low,Generic,22,-3.3823,1.2601
39,Low,Generic,23,-3.0384,1.0624
39,Low,Generic,24,-3.0922,1.5176
39,Low,Generic,25,-3.3904,0.927
39,Low,Generic,26,-3.2227,1.1085
39,Low,Generic,27,-2.9877,1.225
39,Low,Generic,28,-3.3883,0.9886
39,Low,Generic,29,-3.1045,1.1038
39,Low,Generic,30,-3.2614,1.4092
39,Low,Generic,31,-3.3406,1.2088
39,Low,Generic,32,-3.2705,1.3547
39,Low,Generic,33,-3.1794,1.174
39,Low,Generic,34,-3.2585,1.1436
39,Low,Generic,35,-3.4896,1.2695
39,Low,Generic,36,-2.9842,1.0413
39,Low,Generic,37,-3.384,1.0439
39,Low,Generic,38,-3.1593,1.3077
39,Low,Generic,39,-3.2918,1.0344
39,Low,Generic,40,-3.2541,0.9051
39,Low,Inclusive,1,-6.9665,4.3943
39,Low,Inclusive,2,-7.1757,3.9135
39,Low,Inclusive,3,-6.7511,4.0976
39,Low,Inclusive,4,-6.8176,4.1892
39,Low,Inclusive,5,-7.0123,4.3077
39,Low,Inclusive,6,-7.1206,4.2465
39,Low,Inclusive,7,-7.0452,3.9559
39,Low,Inclusive,8,-6.9374,4.1673
39,Low,Inclusive,9,-7.0116,3.978
39,Low,Inclusive,10,-6.7493,4.3953
39,Low,Inclusive,11,-6.8434,4.1589
39,Low,Inclusive,12,-7.2474,4.6106
39,Low,Inclusive,13,-6.9972,4.0702
39,Low,Inclusive,14,-6.9255,4.4534
39,Low,Inclusive,15,-6.9915,4.4757
39,Low,Inclusive,16,-6.8256,4.0047
39,Low,Inclusive,17,-7.0891,4.4115
39,Low,Inclusive,18,-7.3949,4.1901
39,Low,Inclusive,19,-7.2026,4.1247
39,Low,Inclusive,20,-7.0328,4.1484
39,Low,Inclusive,21,-7.0708,4.0006
39,Low,Inclusive,22,-6.6442,4.5935
39,Low,Inclusive,23,-7.1623,4.5364
39,Low,Inclusive,24,-7.0479,4.2458
39,Low,Inclusive,25,-6.9975,4.0881
39,Low,Inclusive,26,-6.8404,4.2452
39,Low,Inclusive,27,-7.0595,3.9591
39,Low,Inclusive,28,-7.122,3.8917
39,Low,Inclusive,29,-6.9862,3.9807
39,Low,Inclusive,30,-7.0278,4.494
39,Low,Inclusive,31,-6.8081,4.2135
39,Low,Inclusive,32,-7.0011,4.596
39,Low,Inclusive,33,-6.9099,4.1544
39,Low,Inclusive,34,-7.2019,4.2988
39,Low,Inclusive,35,-6.8636,4.0937
39,Low,Inclusive,36,-6.9443,4.1473
39,Low,Inclusive,37,-7.0156,3.7224
39,Low,Inclusive,38,-7.0213,4.4139
39,Low,Inclusive,39,-7.0827,4.2305
39,Low,Inclusive,40,-7.1014,4.2921
40,Low,Generic,1,-3.3005,1.0302
40,Low,Generic,2,-3.0681,1.4038
40,Low,Generic,3,-3.3587,1.3176
40,Low,Generic,4,-3.1874,1.3465
40,Low,Generic,5,-3.5221,1.4193
40,Low,Generic,6,-3.3535,1.1464
40,Low,Generic,7,-2.8723,1.2784
40,Low,Generic,8,-3.3259,0.7769
40,Low,Generic,9,-3.0595,0.949
40,Low,Generic,10,-3.4185,1.1517
40,Low,Generic,11,-3.0555,1.3726
40,Low,Generic,12,-3.2917,1.2797
40,Low,Generic,13,-3.3581,1.2459
40,Low,Generic,14,-3.257,1.4118
40,Low,Generic,15,-3.1229,1.3168
40,Low,Generic,16,-3.3224,1.3664
40,Low,Generic,17,-3.2818,1.0016
40,Low,Generic,18,-3.3285,1.2349
40,Low,Generic,19,-3.1315,1.1813
40,Low,Generic,20,-3.4494,1.2293
40,Low,Generic,21,-3.251,1.2552
40,Low,Generic,22,-3.13,1.4218
40,Low,Generic,23,-3.3571,1.0948
40,Low,Generic,24,-3.424,1.3578
40,Low,Generic,25,-3.0507,1.155
40,Low,Generic,26,-3.3042,1.5114
40,Low,Generic,27,-3.1922,1.3052
40,Low,Generic,28,-3.4466,1.3537
40,Low,Generic,29,-3.4074,0.9912
40,Low,Generic,30,-3.32,1.1008
40,Low,Generic,31,-3.3012,0.9298
40,Low,Generic,32,-3.1242,1.4435
40,Low,Generic,33,-3.5601,1.4137
40,Low,Generic,34,-3.3896,1.3894
40,Low,Generic,35,-3.2783,1.2238
40,Low,Generic,36,-3.2958,1.4604
40,Low,Generic,37,-3.4539,1.3396
40,Low,Generic,38,-3.1028,1.3613
40,Low,Generic,39,-2.9193,1.1122
40,Low,Generic,40,-3.1244,1.1968
40,Low,Inclusive,1,-6.803,4.2185
40,Low,Inclusive,2,-7.0462,4.4812
40,Low,Inclusive,3,-7.0617,3.9375
40,Low,Inclusive,4,-7.0655,4.3438
40,Low,Inclusive,5,-6.7792,4.2422
40,Low,Inclusive,6,-6.7903,3.9484
40,Low,Inclusive,7,-7.0545,4.1623
40,Low,Inclusive,8,-7.0052,4.2368
40,Low,Inclusive,9,-6.8844,4.131
40,Low,Inclusive,10,-6.9671,4.211
40,Low,Inclusive,11,-7.1269,4.1973
40,Low,Inclusive,12,-7.0095,4.187
40,Low,Inclusive,13,-6.9832,4.2351
40,Low,Inclusive,14,-7.0528,4.4745
40,Low,Inclusive,15,-7.1634,4.0758
40,Low,Inclusive,16,-6.571,4.0124
40,Low,Inclusive,17,-7.1911,4.3669
40,Low,Inclusive,18,-7.2996,4.1729
40,Low,Inclusive,19,-6.6661,3.911
40,Low,Inclusive,20,-7.2853,3.9202
40,Low,Inclusive,21,-6.8532,4.445
40,Low,Inclusive,22,-7.0649,4.3566
40,Low,Inclusive,23,-6.7795,4.5775
40,Low,Inclusive,24,-7.025,3.7597
40,Low,Inclusive,25,-7.1111,4.1346
40,Low,Inclusive,26,-7.0268,4.1824
40,Low,Inclusive,27,-6.8202,4.4749
40,Low,Inclusive,28,-7.0138,4.4397
40,Low,Inclusive,29,-6.9344,4.2329
40,Low,Inclusive,30,-6.852,4.2345
40,Low,Inclusive,31,-6.6793,3.9323
40,Low,Inclusive,32,-7.0653,4.1947
40,Low,Inclusive,33,-6.9221,4.4736
40,Low,Inclusive,34,-6.9917,3.9356
40,Low,Inclusive,35,-6.8616,4.371
40,Low,Inclusive,36,-7.2793,4.2192
40,Low,Inclusive,37,-7.2265,4.0871
40,Low,Inclusive,38,-7.1234,4.3819
40,Low,Inclusive,39,-6.9705,3.9629
40,Low,Inclusive,40,-6.856,3.9332
